isolate_id	study_accession	sample_accession	experiment_accession	id	submission_accession	run_alias	fastq_ftp	sra_ftp	AMP	AMP_clsi	AMP_ecoff	AMP_eucast	CHL	CHL_clsi	CHL_ecoff	CHL_eucast	CIP	CIP_clsi	CIP_ecoff	CIP_eucast	CPM	CPM_clsi	CPM_ecoff	CPM_eucast	CST	CST_clsi	CST_ecoff	CST_eucast	CTX	CTX_clsi	CTX_ecoff	CTX_eucast	CTZ	CTZ_clsi	CTZ_ecoff	CTZ_eucast	ETP	ETP_clsi	ETP_ecoff	ETP_eucast	FOX	FOX_clsi	FOX_ecoff	FOX_eucast	GEN	GEN_clsi	GEN_ecoff	GEN_eucast	IMP	IMP_clsi	IMP_ecoff	IMP_eucast	MER	MER_clsi	MER_ecoff	MER_eucast	NAL	NAL_clsi	NAL_ecoff	NAL_eucast	SMZ	SMZ_clsi	SMZ_ecoff	SMZ_eucast	TET	TET_clsi	TET_ecoff	TET_eucast	TMP	TMP_clsi	TMP_ecoff	TMP_eucast
DTU2017-806-PRJ1111-Escherischia-coli-360-16019810_S28_L001_R1_001	PRJEB22091	SAMEA104205896	ERX2148098	ERR2091304	ERA984054	Run_2017_8_8_12_24_2_run1	ftp.sra.ebi.ac.uk/vol1/fastq/ERR209/004/ERR2091304/ERR2091304_1.fastq.gz;ftp.sra.ebi.ac.uk/vol1/fastq/ERR209/004/ERR2091304/ERR2091304_2.fastq.gz	ftp.sra.ebi.ac.uk/vol1/err/ERR209/004/ERR2091304	64.0	R	R	R	8.0	S	S	S	0.015	S	S	S	0.125	S	S	S	1.0		S	S	4.0	R	R	R	4.0	S	R	I	0.03	S	S	S	64.0	R	R		0.5	S	S	S	0.25	S	S	S	0.03	S	S	S	4.0	S	S		8.0	S			64.0	R	R		0.25	S	S	S
DTU2017-807-PRJ1111-Escherischia-coli-360-16020676_S29_L001_R1_001	PRJEB22091	SAMEA104205897	ERX2148099	ERR2091305	ERA984054	Run_2017_8_8_12_24_2_run2	ftp.sra.ebi.ac.uk/vol1/fastq/ERR209/005/ERR2091305/ERR2091305_1.fastq.gz;ftp.sra.ebi.ac.uk/vol1/fastq/ERR209/005/ERR2091305/ERR2091305_2.fastq.gz	ftp.sra.ebi.ac.uk/vol1/err/ERR209/005/ERR2091305	64.0	R	R	R	8.0	S	S	S	0.015	S	S	S	8.0	I	R	R	1.0		S	S	16.0	R	R	R	1.0	S	R	S	0.015	S	S	S	2.0	S	S		1.0	S	S	S	0.125	S	S	S	0.03	S	S	S	4.0	S	S		1024.0	R			64.0	R	R		32.0	R	R	R
DTU2017-808-PRJ1111-Escherischia-coli-360-16020678_S30_L001_R1_001	PRJEB22091	SAMEA104205898	ERX2148100	ERR2091306	ERA984054	Run_2017_8_8_12_24_2_run3	ftp.sra.ebi.ac.uk/vol1/fastq/ERR209/006/ERR2091306/ERR2091306_1.fastq.gz;ftp.sra.ebi.ac.uk/vol1/fastq/ERR209/006/ERR2091306/ERR2091306_2.fastq.gz	ftp.sra.ebi.ac.uk/vol1/err/ERR209/006/ERR2091306	64.0	R	R	R	8.0	S	S	S	0.015	S	S	S	8.0	I	R	R	1.0		S	S	16.0	R	R	R	1.0	S	R	S	0.015	S	S	S	2.0	S	S		1.0	S	S	S	0.25	S	S	S	0.03	S	S	S	4.0	S	S		1024.0	R			64.0	R	R		32.0	R	R	R
DTU2017-809-PRJ1111-Escherischia-coli-360-16020939_S31_L001_R1_001	PRJEB22091	SAMEA104205899	ERX2148101	ERR2091307	ERA984054	Run_2017_8_8_12_24_2_run4	ftp.sra.ebi.ac.uk/vol1/fastq/ERR209/007/ERR2091307/ERR2091307_1.fastq.gz;ftp.sra.ebi.ac.uk/vol1/fastq/ERR209/007/ERR2091307/ERR2091307_2.fastq.gz	ftp.sra.ebi.ac.uk/vol1/err/ERR209/007/ERR2091307	64.0	R	R	R	8.0	S	S	S	0.5	I	R	I	0.5	S	R	S	1.0		S	S	2.0	I	R	I	8.0	I	R	R	0.015	S	S	S	4.0	S	S		1.0	S	S	S	0.25	S	S	S	0.03	S	S	S	8.0	S	S		8.0	S			2.0	S	S		0.25	S	S	S
DTU2017-810-PRJ1111-Escherischia-coli-360-16027194_S32_L001_R1_001	PRJEB22091	SAMEA104205900	ERX2148102	ERR2091308	ERA984054	Run_2017_8_8_12_24_2_run5	ftp.sra.ebi.ac.uk/vol1/fastq/ERR209/008/ERR2091308/ERR2091308_1.fastq.gz;ftp.sra.ebi.ac.uk/vol1/fastq/ERR209/008/ERR2091308/ERR2091308_2.fastq.gz	ftp.sra.ebi.ac.uk/vol1/err/ERR209/008/ERR2091308	64.0	R	R	R	8.0	S	S	S	0.015	S	S	S	32.0	R	R	R	1.0		S	S	64.0	R	R	R	4.0	S	R	I	0.03	S	S	S	4.0	S	S		0.5	S	S	S	0.125	S	S	S	0.03	S	S	S	4.0	S	S		1024.0	R			2.0	S	S		32.0	R	R	R
DTU2017-811-PRJ1111-Escherischia-coli-360-16027204_S33_L001_R1_001	PRJEB22091	SAMEA104205901	ERX2148103	ERR2091309	ERA984054	Run_2017_8_8_12_24_2_run6	ftp.sra.ebi.ac.uk/vol1/fastq/ERR209/009/ERR2091309/ERR2091309_1.fastq.gz;ftp.sra.ebi.ac.uk/vol1/fastq/ERR209/009/ERR2091309/ERR2091309_2.fastq.gz	ftp.sra.ebi.ac.uk/vol1/err/ERR209/009/ERR2091309	64.0	R	R	R	32.0	R	R	R	0.25	S	R	S	0.5	S	R	S	1.0		S	S	2.0	I	R	I	16.0	R	R	R	0.015	S	S	S	8.0	S	S		0.5	S	S	S	0.25	S	S	S	0.03	S	S	S	128.0	R	R		1024.0	R			64.0	R	R		0.25	S	S	S
DTU2017-812-PRJ1111-Escherischia-coli-360-16027227_S34_L001_R1_001	PRJEB22091	SAMEA104205902	ERX2148104	ERR2091310	ERA984054	Run_2017_8_8_12_24_2_run7	ftp.sra.ebi.ac.uk/vol1/fastq/ERR209/000/ERR2091310/ERR2091310_1.fastq.gz;ftp.sra.ebi.ac.uk/vol1/fastq/ERR209/000/ERR2091310/ERR2091310_2.fastq.gz	ftp.sra.ebi.ac.uk/vol1/err/ERR209/000/ERR2091310	64.0	R	R	R	8.0	S	S	S	0.015	S	S	S	2.0	S	R	I	1.0		S	S	8.0	R	R	R	16.0	R	R	R	0.015	S	S	S	4.0	S	S		0.5	S	S	S	0.125	S	S	S	0.03	S	S	S	4.0	S	S		8.0	S			64.0	R	R		0.25	S	S	S
DTU2017-813-PRJ1111-Escherischia-coli-360-16027238_S35_L001_R1_001	PRJEB22091	SAMEA104205903	ERX2148105	ERR2091311	ERA984054	Run_2017_8_8_12_24_2_run8	ftp.sra.ebi.ac.uk/vol1/fastq/ERR209/001/ERR2091311/ERR2091311_1.fastq.gz;ftp.sra.ebi.ac.uk/vol1/fastq/ERR209/001/ERR2091311/ERR2091311_2.fastq.gz	ftp.sra.ebi.ac.uk/vol1/err/ERR209/001/ERR2091311	64.0	R	R	R	8.0	S	S	S	0.015	S	S	S	16.0	R	R	R	1.0		S	S	32.0	R	R	R	2.0	S	R	I	0.015	S	S	S	8.0	S	S		0.5	S	S	S	0.125	S	S	S	0.03	S	S	S	4.0	S	S		1024.0	R			2.0	S	S		32.0	R	R	R
DTU2017-814-PRJ1111-Escherischia-coli-360-16027247_S36_L001_R1_001	PRJEB22091	SAMEA104205904	ERX2148106	ERR2091312	ERA984054	Run_2017_8_8_12_24_2_run9	ftp.sra.ebi.ac.uk/vol1/fastq/ERR209/002/ERR2091312/ERR2091312_1.fastq.gz;ftp.sra.ebi.ac.uk/vol1/fastq/ERR209/002/ERR2091312/ERR2091312_2.fastq.gz	ftp.sra.ebi.ac.uk/vol1/err/ERR209/002/ERR2091312	64.0	R	R	R	8.0	S	S	S	0.015	S	S	S	1.0	S	R	S	1.0		S	S	4.0	R	R	R	16.0	R	R	R	0.015	S	S	S	4.0	S	S		0.5	S	S	S	0.125	S	S	S	0.03	S	S	S	4.0	S	S		8.0	S			64.0	R	R		0.25	S	S	S
DTU2017-815-PRJ1111-Escherischia-coli-360-16027377_S37_L001_R1_001	PRJEB22091	SAMEA104205905	ERX2148107	ERR2091313	ERA984054	Run_2017_8_8_12_24_2_run10	ftp.sra.ebi.ac.uk/vol1/fastq/ERR209/003/ERR2091313/ERR2091313_1.fastq.gz;ftp.sra.ebi.ac.uk/vol1/fastq/ERR209/003/ERR2091313/ERR2091313_2.fastq.gz	ftp.sra.ebi.ac.uk/vol1/err/ERR209/003/ERR2091313	64.0	R	R	R	8.0	S	S	S	0.015	S	S	S	4.0	I	R	I	1.0		S	S	32.0	R	R	R	1.0	S	R	S	0.015	S	S	S	4.0	S	S		1.0	S	S	S	0.25	S	S	S	0.03	S	S	S	4.0	S	S		1024.0	R			32.0	R	R		0.25	S	S	S
DTU2017-816-PRJ1111-Escherischia-coli-360-16027457_S38_L001_R1_001	PRJEB22091	SAMEA104205906	ERX2148108	ERR2091314	ERA984054	Run_2017_8_8_12_24_2_run11	ftp.sra.ebi.ac.uk/vol1/fastq/ERR209/004/ERR2091314/ERR2091314_1.fastq.gz;ftp.sra.ebi.ac.uk/vol1/fastq/ERR209/004/ERR2091314/ERR2091314_2.fastq.gz	ftp.sra.ebi.ac.uk/vol1/err/ERR209/004/ERR2091314	64.0	R	R	R	32.0	R	R	R	0.25	S	R	S	1.0	S	R	S	1.0		S	S	4.0	R	R	R	16.0	R	R	R	0.015	S	S	S	8.0	S	S		0.5	S	S	S	0.25	S	S	S	0.03	S	S	S	128.0	R	R		1024.0	R			64.0	R	R		0.25	S	S	S
DTU2017-817-PRJ1111-Escherischia-coli-360-16027467_S39_L001_R1_001	PRJEB22091	SAMEA104205907	ERX2148109	ERR2091315	ERA984054	Run_2017_8_8_12_24_2_run12	ftp.sra.ebi.ac.uk/vol1/fastq/ERR209/005/ERR2091315/ERR2091315_1.fastq.gz;ftp.sra.ebi.ac.uk/vol1/fastq/ERR209/005/ERR2091315/ERR2091315_2.fastq.gz	ftp.sra.ebi.ac.uk/vol1/err/ERR209/005/ERR2091315	64.0	R	R	R	8.0	S	S	S	0.015	S	S	S	1.0	S	R	S	1.0		S	S	8.0	R	R	R	8.0	I	R	R	0.015	S	S	S	4.0	S	S		0.5	S	S	S	0.125	S	S	S	0.03	S	S	S	4.0	S	S		8.0	S			64.0	R	R		0.25	S	S	S
DTU2017-818-PRJ1111-Escherischia-coli-360-16028116_S40_L001_R1_001	PRJEB22091	SAMEA104205908	ERX2148110	ERR2091316	ERA984054	Run_2017_8_8_12_24_2_run13	ftp.sra.ebi.ac.uk/vol1/fastq/ERR209/006/ERR2091316/ERR2091316_1.fastq.gz;ftp.sra.ebi.ac.uk/vol1/fastq/ERR209/006/ERR2091316/ERR2091316_2.fastq.gz	ftp.sra.ebi.ac.uk/vol1/err/ERR209/006/ERR2091316	64.0	R	R	R	8.0	S	S	S	0.015	S	S	S	8.0	I	R	R	1.0		S	S	32.0	R	R	R	2.0	S	R	I	0.015	S	S	S	8.0	S	S		0.5	S	S	S	0.25	S	S	S	0.03	S	S	S	4.0	S	S		1024.0	R			64.0	R	R		0.25	S	S	S
DTU2017-819-PRJ1111-Escherischia-coli-360-16028117_S41_L001_R1_001	PRJEB22091	SAMEA104205909	ERX2148111	ERR2091317	ERA984054	Run_2017_8_8_12_24_2_run14	ftp.sra.ebi.ac.uk/vol1/fastq/ERR209/007/ERR2091317/ERR2091317_1.fastq.gz;ftp.sra.ebi.ac.uk/vol1/fastq/ERR209/007/ERR2091317/ERR2091317_2.fastq.gz	ftp.sra.ebi.ac.uk/vol1/err/ERR209/007/ERR2091317	64.0	R	R	R	8.0	S	S	S	0.5	I	R	I	0.25	S	R	S	1.0		S	S	8.0	R	R	R	16.0	R	R	R	0.06	S	S	S	64.0	R	R		0.5	S	S	S	0.25	S	S	S	0.03	S	S	S	128.0	R	R		8.0	S			2.0	S	S		0.25	S	S	S
DTU2017-820-PRJ1111-Escherischia-coli-360-16028159_S1_L001_R1_001	PRJEB22091	SAMEA104205910	ERX2148112	ERR2091318	ERA984054	Run_2017_8_8_12_24_2_run15	ftp.sra.ebi.ac.uk/vol1/fastq/ERR209/008/ERR2091318/ERR2091318_1.fastq.gz;ftp.sra.ebi.ac.uk/vol1/fastq/ERR209/008/ERR2091318/ERR2091318_2.fastq.gz	ftp.sra.ebi.ac.uk/vol1/err/ERR209/008/ERR2091318	64.0	R	R	R	8.0	S	S	S	0.015	S	S	S	0.25	S	R	S	1.0		S	S	8.0	R	R	R	8.0	I	R	R	0.03	S	S	S	32.0	R	R		16.0	R	R	R	0.25	S	S	S	0.03	S	S	S	4.0	S	S		1024.0	R			2.0	S	S		0.25	S	S	S
DTU2017-821-PRJ1111-Escherischia-coli-360-16028160_S2_L001_R1_001	PRJEB22091	SAMEA104205911	ERX2148113	ERR2091319	ERA984054	Run_2017_8_8_12_24_2_run16	ftp.sra.ebi.ac.uk/vol1/fastq/ERR209/009/ERR2091319/ERR2091319_1.fastq.gz;ftp.sra.ebi.ac.uk/vol1/fastq/ERR209/009/ERR2091319/ERR2091319_2.fastq.gz	ftp.sra.ebi.ac.uk/vol1/err/ERR209/009/ERR2091319	64.0	R	R	R	8.0	S	S	S	0.5	I	R	I	0.5	S	R	S	1.0		S	S	16.0	R	R	R	16.0	R	R	R	0.125	S	R	S	64.0	R	R		0.5	S	S	S	0.25	S	S	S	0.03	S	S	S	128.0	R	R		8.0	S			2.0	S	S		0.25	S	S	S
DTU2017-822-PRJ1111-Escherischia-coli-360-16028944_S3_L001_R1_001	PRJEB22091	SAMEA104205912	ERX2148114	ERR2091320	ERA984054	Run_2017_8_8_12_24_2_run17	ftp.sra.ebi.ac.uk/vol1/fastq/ERR209/000/ERR2091320/ERR2091320_1.fastq.gz;ftp.sra.ebi.ac.uk/vol1/fastq/ERR209/000/ERR2091320/ERR2091320_2.fastq.gz	ftp.sra.ebi.ac.uk/vol1/err/ERR209/000/ERR2091320	64.0	R	R	R	8.0	S	S	S	0.03	S	S	S	16.0	R	R	R	1.0		S	S	32.0	R	R	R	2.0	S	R	I	0.015	S	S	S	4.0	S	S		0.5	S	S	S	0.25	S	S	S	0.03	S	S	S	4.0	S	S		1024.0	R			64.0	R	R		0.5	S	S	S
DTU2017-823-PRJ1111-Escherischia-coli-360-16032964_S4_L001_R1_001	PRJEB22091	SAMEA104205913	ERX2148115	ERR2091321	ERA984054	Run_2017_8_8_12_24_2_run18	ftp.sra.ebi.ac.uk/vol1/fastq/ERR209/001/ERR2091321/ERR2091321_1.fastq.gz;ftp.sra.ebi.ac.uk/vol1/fastq/ERR209/001/ERR2091321/ERR2091321_2.fastq.gz	ftp.sra.ebi.ac.uk/vol1/err/ERR209/001/ERR2091321	64.0	R	R	R	8.0	S	S	S	0.015	S	S	S	0.25	S	R	S	1.0		S	S	8.0	R	R	R	8.0	I	R	R	0.06	S	S	S	64.0	R	R		0.5	S	S	S	0.25	S	S	S	0.03	S	S	S	4.0	S	S		1024.0	R			64.0	R	R		0.25	S	S	S
DTU2017-824-PRJ1111-Escherischia-coli-360-16033322_S5_L001_R1_001	PRJEB22091	SAMEA104205914	ERX2148116	ERR2091322	ERA984054	Run_2017_8_8_12_24_2_run19	ftp.sra.ebi.ac.uk/vol1/fastq/ERR209/002/ERR2091322/ERR2091322_1.fastq.gz;ftp.sra.ebi.ac.uk/vol1/fastq/ERR209/002/ERR2091322/ERR2091322_2.fastq.gz	ftp.sra.ebi.ac.uk/vol1/err/ERR209/002/ERR2091322	64.0	R	R	R	8.0	S	S	S	0.03	S	S	S	0.125	S	S	S	1.0		S	S	2.0	I	R	I	4.0	S	R	I	0.03	S	S	S	64.0	R	R		0.5	S	S	S	0.25	S	S	S	0.03	S	S	S	4.0	S	S		8.0	S			2.0	S	S		0.25	S	S	S
DTU2017-825-PRJ1111-Escherischia-coli-360-16033518_S6_L001_R1_001	PRJEB22091	SAMEA104205915	ERX2148117	ERR2091323	ERA984054	Run_2017_8_8_12_24_2_run20	ftp.sra.ebi.ac.uk/vol1/fastq/ERR209/003/ERR2091323/ERR2091323_1.fastq.gz;ftp.sra.ebi.ac.uk/vol1/fastq/ERR209/003/ERR2091323/ERR2091323_2.fastq.gz	ftp.sra.ebi.ac.uk/vol1/err/ERR209/003/ERR2091323	64.0	R	R	R	8.0	S	S	S	0.015	S	S	S	32.0	R	R	R	2.0		S	S	64.0	R	R	R	4.0	S	R	I	0.03	S	S	S	4.0	S	S		0.5	S	S	S	0.25	S	S	S	0.03	S	S	S	4.0	S	S		1024.0	R			2.0	S	S		32.0	R	R	R
DTU2017-826-PRJ1111-Escherischia-coli-360-16033521_S7_L001_R1_001	PRJEB22091	SAMEA104205916	ERX2148118	ERR2091324	ERA984054	Run_2017_8_8_12_24_2_run21	ftp.sra.ebi.ac.uk/vol1/fastq/ERR209/004/ERR2091324/ERR2091324_1.fastq.gz;ftp.sra.ebi.ac.uk/vol1/fastq/ERR209/004/ERR2091324/ERR2091324_2.fastq.gz	ftp.sra.ebi.ac.uk/vol1/err/ERR209/004/ERR2091324	64.0	R	R	R	8.0	S	S	S	0.015	S	S	S	0.25	S	R	S	1.0		S	S	8.0	R	R	R	8.0	I	R	R	0.03	S	S	S	32.0	R	R		32.0	R	R	R	0.25	S	S	S	0.03	S	S	S	4.0	S	S		1024.0	R			2.0	S	S		0.25	S	S	S
DTU2017-827-PRJ1111-Escherischia-coli-360-16034011_S8_L001_R1_001	PRJEB22091	SAMEA104205917	ERX2148119	ERR2091325	ERA984054	Run_2017_8_8_12_24_2_run22	ftp.sra.ebi.ac.uk/vol1/fastq/ERR209/005/ERR2091325/ERR2091325_1.fastq.gz;ftp.sra.ebi.ac.uk/vol1/fastq/ERR209/005/ERR2091325/ERR2091325_2.fastq.gz	ftp.sra.ebi.ac.uk/vol1/err/ERR209/005/ERR2091325	64.0	R	R	R	8.0	S	S	S	0.015	S	S	S	32.0	R	R	R	1.0		S	S	64.0	R	R	R	4.0	S	R	I	0.03	S	S	S	4.0	S	S		0.5	S	S	S	0.125	S	S	S	0.03	S	S	S	4.0	S	S		1024.0	R			2.0	S	S		32.0	R	R	R
DTU2017-828-PRJ1111-Escherischia-coli-360-16034621_S9_L001_R1_001	PRJEB22091	SAMEA104205918	ERX2148120	ERR2091326	ERA984054	Run_2017_8_8_12_24_2_run23	ftp.sra.ebi.ac.uk/vol1/fastq/ERR209/006/ERR2091326/ERR2091326_1.fastq.gz;ftp.sra.ebi.ac.uk/vol1/fastq/ERR209/006/ERR2091326/ERR2091326_2.fastq.gz	ftp.sra.ebi.ac.uk/vol1/err/ERR209/006/ERR2091326	64.0	R	R	R	8.0	S	S	S	0.015	S	S	S	16.0	R	R	R	1.0		S	S	32.0	R	R	R	2.0	S	R	I	0.015	S	S	S	8.0	S	S		0.5	S	S	S	0.25	S	S	S	0.03	S	S	S	4.0	S	S		1024.0	R			2.0	S	S		32.0	R	R	R
DTU2017-829-PRJ1111-Escherischia-coli-360-16034623_S10_L001_R1_001	PRJEB22091	SAMEA104205919	ERX2148121	ERR2091327	ERA984054	Run_2017_8_8_12_24_2_run24	ftp.sra.ebi.ac.uk/vol1/fastq/ERR209/007/ERR2091327/ERR2091327_1.fastq.gz;ftp.sra.ebi.ac.uk/vol1/fastq/ERR209/007/ERR2091327/ERR2091327_2.fastq.gz	ftp.sra.ebi.ac.uk/vol1/err/ERR209/007/ERR2091327	64.0	R	R	R	8.0	S	S	S	0.015	S	S	S	32.0	R	R	R	1.0		S	S	64.0	R	R	R	4.0	S	R	I	0.03	S	S	S	4.0	S	S		1.0	S	S	S	0.25	S	S	S	0.03	S	S	S	4.0	S	S		1024.0	R			2.0	S	S		32.0	R	R	R
DTU2017-830-PRJ1111-Escherischia-coli-360-16034626_S11_L001_R1_001	PRJEB22091	SAMEA104205920	ERX2148122	ERR2091328	ERA984054	Run_2017_8_8_12_24_2_run25	ftp.sra.ebi.ac.uk/vol1/fastq/ERR209/008/ERR2091328/ERR2091328_1.fastq.gz;ftp.sra.ebi.ac.uk/vol1/fastq/ERR209/008/ERR2091328/ERR2091328_2.fastq.gz	ftp.sra.ebi.ac.uk/vol1/err/ERR209/008/ERR2091328	64.0	R	R	R	8.0	S	S	S	0.015	S	S	S	0.25	S	R	S	1.0		S	S	8.0	R	R	R	8.0	I	R	R	0.03	S	S	S	64.0	R	R		0.5	S	S	S	0.25	S	S	S	0.03	S	S	S	4.0	S	S		1024.0	R			64.0	R	R		0.25	S	S	S
DTU2017-831-PRJ1111-Escherischia-coli-360-16034781_S12_L001_R1_001	PRJEB22091	SAMEA104205921	ERX2148123	ERR2091329	ERA984054	Run_2017_8_8_12_24_2_run26	ftp.sra.ebi.ac.uk/vol1/fastq/ERR209/009/ERR2091329/ERR2091329_1.fastq.gz;ftp.sra.ebi.ac.uk/vol1/fastq/ERR209/009/ERR2091329/ERR2091329_2.fastq.gz	ftp.sra.ebi.ac.uk/vol1/err/ERR209/009/ERR2091329	64.0	R	R	R	8.0	S	S	S	0.015	S	S	S	16.0	R	R	R	1.0		S	S	32.0	R	R	R	1.0	S	R	S	0.015	S	S	S	4.0	S	S		0.5	S	S	S	0.25	S	S	S	0.03	S	S	S	4.0	S	S		1024.0	R			2.0	S	S		32.0	R	R	R
DTU2017-832-PRJ1111-Escherischia-coli-360-16034782_S13_L001_R1_001	PRJEB22091	SAMEA104205922	ERX2148124	ERR2091330	ERA984054	Run_2017_8_8_12_24_2_run27	ftp.sra.ebi.ac.uk/vol1/fastq/ERR209/000/ERR2091330/ERR2091330_1.fastq.gz;ftp.sra.ebi.ac.uk/vol1/fastq/ERR209/000/ERR2091330/ERR2091330_2.fastq.gz	ftp.sra.ebi.ac.uk/vol1/err/ERR209/000/ERR2091330	64.0	R	R	R	8.0	S	S	S	0.015	S	S	S	16.0	R	R	R	1.0		S	S	64.0	R	R	R	2.0	S	R	I	0.015	S	S	S	4.0	S	S		0.5	S	S	S	0.25	S	S	S	0.03	S	S	S	4.0	S	S		1024.0	R			2.0	S	S		32.0	R	R	R
DTU2017-833-PRJ1111-Escherischia-coli-360-16038972_S14_L001_R1_001	PRJEB22091	SAMEA104205923	ERX2148125	ERR2091331	ERA984054	Run_2017_8_8_12_24_2_run28	ftp.sra.ebi.ac.uk/vol1/fastq/ERR209/001/ERR2091331/ERR2091331_1.fastq.gz;ftp.sra.ebi.ac.uk/vol1/fastq/ERR209/001/ERR2091331/ERR2091331_2.fastq.gz	ftp.sra.ebi.ac.uk/vol1/err/ERR209/001/ERR2091331	64.0	R	R	R	8.0	S	S	S	0.015	S	S	S	32.0	R	R	R	1.0		S	S	64.0	R	R	R	2.0	S	R	I	0.015	S	S	S	4.0	S	S		0.5	S	S	S	0.125	S	S	S	0.03	S	S	S	4.0	S	S		1024.0	R			2.0	S	S		32.0	R	R	R
DTU2017-834-PRJ1111-Escherischia-coli-360-16039247_S15_L001_R1_001	PRJEB22091	SAMEA104205924	ERX2148126	ERR2091332	ERA984054	Run_2017_8_8_12_24_2_run29	ftp.sra.ebi.ac.uk/vol1/fastq/ERR209/002/ERR2091332/ERR2091332_1.fastq.gz;ftp.sra.ebi.ac.uk/vol1/fastq/ERR209/002/ERR2091332/ERR2091332_2.fastq.gz	ftp.sra.ebi.ac.uk/vol1/err/ERR209/002/ERR2091332	64.0	R	R	R	8.0	S	S	S	0.015	S	S	S	16.0	R	R	R	1.0		S	S	32.0	R	R	R	1.0	S	R	S	0.06	S	S	S	8.0	S	S		1.0	S	S	S	0.125	S	S	S	0.03	S	S	S	4.0	S	S		1024.0	R			2.0	S	S		32.0	R	R	R
DTU2017-835-PRJ1111-Escherischia-coli-360-16039255_S16_L001_R1_001	PRJEB22091	SAMEA104205925	ERX2148127	ERR2091333	ERA984054	Run_2017_8_8_12_24_2_run30	ftp.sra.ebi.ac.uk/vol1/fastq/ERR209/003/ERR2091333/ERR2091333_1.fastq.gz;ftp.sra.ebi.ac.uk/vol1/fastq/ERR209/003/ERR2091333/ERR2091333_2.fastq.gz	ftp.sra.ebi.ac.uk/vol1/err/ERR209/003/ERR2091333	64.0	R	R	R	8.0	S	S	S	0.015	S	S	S	32.0	R	R	R	1.0		S	S	64.0	R	R	R	4.0	S	R	I	0.03	S	S	S	4.0	S	S		0.5	S	S	S	0.125	S	S	S	0.03	S	S	S	4.0	S	S		1024.0	R			2.0	S	S		32.0	R	R	R
DTU2017-836-PRJ1111-Escherischia-coli-360-16039256_S17_L001_R1_001	PRJEB22091	SAMEA104205926	ERX2148128	ERR2091334	ERA984054	Run_2017_8_8_12_24_2_run31	ftp.sra.ebi.ac.uk/vol1/fastq/ERR209/004/ERR2091334/ERR2091334_1.fastq.gz;ftp.sra.ebi.ac.uk/vol1/fastq/ERR209/004/ERR2091334/ERR2091334_2.fastq.gz	ftp.sra.ebi.ac.uk/vol1/err/ERR209/004/ERR2091334	64.0	R	R	R	8.0	S	S	S	0.015	S	S	S	0.25	S	R	S	1.0		S	S	8.0	R	R	R	8.0	I	R	R	0.03	S	S	S	64.0	R	R		32.0	R	R	R	0.25	S	S	S	0.03	S	S	S	4.0	S	S		1024.0	R			64.0	R	R		0.25	S	S	S
DTU2017-837-PRJ1111-Escherischia-coli-360-16039314_S18_L001_R1_001	PRJEB22091	SAMEA104205927	ERX2148129	ERR2091335	ERA984054	Run_2017_8_8_12_24_2_run32	ftp.sra.ebi.ac.uk/vol1/fastq/ERR209/005/ERR2091335/ERR2091335_1.fastq.gz;ftp.sra.ebi.ac.uk/vol1/fastq/ERR209/005/ERR2091335/ERR2091335_2.fastq.gz	ftp.sra.ebi.ac.uk/vol1/err/ERR209/005/ERR2091335	64.0	R	R	R	8.0	S	S	S	0.015	S	S	S	16.0	R	R	R	1.0		S	S	32.0	R	R	R	1.0	S	R	S	0.015	S	S	S	4.0	S	S		0.5	S	S	S	0.125	S	S	S	0.03	S	S	S	4.0	S	S		1024.0	R			2.0	S	S		32.0	R	R	R
DTU2017-838-PRJ1111-Escherischia-coli-360-16039410_S19_L001_R1_001	PRJEB22091	SAMEA104205928	ERX2148130	ERR2091336	ERA984054	Run_2017_8_8_12_24_2_run33	ftp.sra.ebi.ac.uk/vol1/fastq/ERR209/006/ERR2091336/ERR2091336_1.fastq.gz;ftp.sra.ebi.ac.uk/vol1/fastq/ERR209/006/ERR2091336/ERR2091336_2.fastq.gz	ftp.sra.ebi.ac.uk/vol1/err/ERR209/006/ERR2091336	64.0	R	R	R	8.0	S	S	S	0.015	S	S	S	4.0	I	R	I	1.0		S	S	16.0	R	R	R	1.0	S	R	S	0.015	S	S	S	4.0	S	S		0.5	S	S	S	0.125	S	S	S	0.03	S	S	S	4.0	S	S		1024.0	R			64.0	R	R		32.0	R	R	R
DTU2017-839-PRJ1111-Escherischia-coli-360-16039413_S20_L001_R1_001	PRJEB22091	SAMEA104205929	ERX2148131	ERR2091337	ERA984054	Run_2017_8_8_12_24_2_run34	ftp.sra.ebi.ac.uk/vol1/fastq/ERR209/007/ERR2091337/ERR2091337_1.fastq.gz;ftp.sra.ebi.ac.uk/vol1/fastq/ERR209/007/ERR2091337/ERR2091337_2.fastq.gz	ftp.sra.ebi.ac.uk/vol1/err/ERR209/007/ERR2091337	64.0	R	R	R	8.0	S	S	S	0.5	I	R	I	32.0	R	R	R	1.0		S	S	64.0	R	R	R	4.0	S	R	I	0.06	S	S	S	16.0	I	R		0.5	S	S	S	0.25	S	S	S	0.03	S	S	S	128.0	R	R		1024.0	R			64.0	R	R		32.0	R	R	R
DTU2017-840-PRJ1111-Escherischia-coli-360-16039582_S21_L001_R1_001	PRJEB22091	SAMEA104205930	ERX2148132	ERR2091338	ERA984054	Run_2017_8_8_12_24_2_run35	ftp.sra.ebi.ac.uk/vol1/fastq/ERR209/008/ERR2091338/ERR2091338_1.fastq.gz;ftp.sra.ebi.ac.uk/vol1/fastq/ERR209/008/ERR2091338/ERR2091338_2.fastq.gz	ftp.sra.ebi.ac.uk/vol1/err/ERR209/008/ERR2091338	64.0	R	R	R	8.0	S	S	S	0.015	S	S	S	16.0	R	R	R	1.0		S	S	32.0	R	R	R	2.0	S	R	I	0.015	S	S	S	4.0	S	S		0.5	S	S	S	0.125	S	S	S	0.03	S	S	S	4.0	S	S		1024.0	R			2.0	S	S		32.0	R	R	R
DTU2017-841-PRJ1111-Escherischia-coli-360-16040938_S22_L001_R1_001	PRJEB22091	SAMEA104205931	ERX2148133	ERR2091339	ERA984054	Run_2017_8_8_12_24_2_run36	ftp.sra.ebi.ac.uk/vol1/fastq/ERR209/009/ERR2091339/ERR2091339_1.fastq.gz;ftp.sra.ebi.ac.uk/vol1/fastq/ERR209/009/ERR2091339/ERR2091339_2.fastq.gz	ftp.sra.ebi.ac.uk/vol1/err/ERR209/009/ERR2091339	64.0	R	R	R	8.0	S	S	S	0.03	S	S	S	8.0	I	R	R	1.0		S	S	16.0	R	R	R	1.0	S	R	S	0.015	S	S	S	8.0	S	S		1.0	S	S	S	0.25	S	S	S	0.03	S	S	S	4.0	S	S		1024.0	R			2.0	S	S		0.5	S	S	S
DTU2017-842-PRJ1111-Escherischia-coli-360-16041103_S23_L001_R1_001	PRJEB22091	SAMEA104205932	ERX2148134	ERR2091340	ERA984054	Run_2017_8_8_12_24_2_run37	ftp.sra.ebi.ac.uk/vol1/fastq/ERR209/000/ERR2091340/ERR2091340_1.fastq.gz;ftp.sra.ebi.ac.uk/vol1/fastq/ERR209/000/ERR2091340/ERR2091340_2.fastq.gz	ftp.sra.ebi.ac.uk/vol1/err/ERR209/000/ERR2091340	64.0	R	R	R	8.0	S	S	S	0.015	S	S	S	16.0	R	R	R	1.0		S	S	32.0	R	R	R	2.0	S	R	I	0.015	S	S	S	8.0	S	S		0.5	S	S	S	0.25	S	S	S	0.03	S	S	S	4.0	S	S		1024.0	R			64.0	R	R		0.25	S	S	S
DTU2017-843-PRJ1111-Escherischia-coli-360-16041182_S24_L001_R1_001	PRJEB22091	SAMEA104205933	ERX2148135	ERR2091341	ERA984054	Run_2017_8_8_12_24_2_run38	ftp.sra.ebi.ac.uk/vol1/fastq/ERR209/001/ERR2091341/ERR2091341_1.fastq.gz;ftp.sra.ebi.ac.uk/vol1/fastq/ERR209/001/ERR2091341/ERR2091341_2.fastq.gz	ftp.sra.ebi.ac.uk/vol1/err/ERR209/001/ERR2091341	64.0	R	R	R	8.0	S	S	S	1.0	R	R	R	4.0	I	R	I	1.0		S	S	16.0	R	R	R	2.0	S	R	I	0.015	S	S	S	4.0	S	S		0.5	S	S	S	0.25	S	S	S	0.03	S	S	S	128.0	R	R		1024.0	R			2.0	S	S		32.0	R	R	R
DTU2017-844-PRJ1111-Escherischia-coli-360-16041211_S25_L001_R1_001	PRJEB22091	SAMEA104205934	ERX2148136	ERR2091342	ERA984054	Run_2017_8_8_12_24_2_run39	ftp.sra.ebi.ac.uk/vol1/fastq/ERR209/002/ERR2091342/ERR2091342_1.fastq.gz;ftp.sra.ebi.ac.uk/vol1/fastq/ERR209/002/ERR2091342/ERR2091342_2.fastq.gz	ftp.sra.ebi.ac.uk/vol1/err/ERR209/002/ERR2091342	64.0	R	R	R	8.0	S	S	S	0.015	S	S	S	0.25	S	R	S	1.0		S	S	8.0	R	R	R	8.0	I	R	R	0.03	S	S	S	32.0	R	R		16.0	R	R	R	0.25	S	S	S	0.03	S	S	S	4.0	S	S		1024.0	R			64.0	R	R		0.25	S	S	S
DTU2017-845-PRJ1111-Escherischia-coli-360-16046789_S26_L001_R1_001	PRJEB22091	SAMEA104205935	ERX2148137	ERR2091343	ERA984054	Run_2017_8_8_12_24_2_run40	ftp.sra.ebi.ac.uk/vol1/fastq/ERR209/003/ERR2091343/ERR2091343_1.fastq.gz;ftp.sra.ebi.ac.uk/vol1/fastq/ERR209/003/ERR2091343/ERR2091343_2.fastq.gz	ftp.sra.ebi.ac.uk/vol1/err/ERR209/003/ERR2091343	64.0	R	R	R	8.0	S	S	S	0.015	S	S	S	4.0	I	R	I	1.0		S	S	32.0	R	R	R	1.0	S	R	S	0.015	S	S	S	4.0	S	S		0.5	S	S	S	0.125	S	S	S	0.03	S	S	S	4.0	S	S		1024.0	R			32.0	R	R		0.25	S	S	S
DTU2017-846-PRJ1111-Escherischia-coli-360-16046790_S27_L001_R1_001	PRJEB22091	SAMEA104205936	ERX2148138	ERR2091344	ERA984054	Run_2017_8_8_12_24_2_run41	ftp.sra.ebi.ac.uk/vol1/fastq/ERR209/004/ERR2091344/ERR2091344_1.fastq.gz;ftp.sra.ebi.ac.uk/vol1/fastq/ERR209/004/ERR2091344/ERR2091344_2.fastq.gz	ftp.sra.ebi.ac.uk/vol1/err/ERR209/004/ERR2091344	64.0	R	R	R	32.0	R	R	R	0.25	S	R	S	0.5	S	R	S	1.0		S	S	4.0	R	R	R	16.0	R	R	R	0.015	S	S	S	8.0	S	S		0.5	S	S	S	0.25	S	S	S	0.03	S	S	S	64.0	R	R		1024.0	R			64.0	R	R		0.25	S	S	S
DTU2017-847-PRJ1111-Escherischia-coli-360-16047574_S28_L001_R1_001	PRJEB22091	SAMEA104205937	ERX2148139	ERR2091345	ERA984054	Run_2017_8_8_12_24_2_run42	ftp.sra.ebi.ac.uk/vol1/fastq/ERR209/005/ERR2091345/ERR2091345_1.fastq.gz;ftp.sra.ebi.ac.uk/vol1/fastq/ERR209/005/ERR2091345/ERR2091345_2.fastq.gz	ftp.sra.ebi.ac.uk/vol1/err/ERR209/005/ERR2091345	64.0	R	R	R	32.0	R	R	R	0.25	S	R	S	0.5	S	R	S	1.0		S	S	4.0	R	R	R	16.0	R	R	R	0.015	S	S	S	8.0	S	S		0.5	S	S	S	0.25	S	S	S	0.03	S	S	S	128.0	R	R		1024.0	R			64.0	R	R		0.25	S	S	S
DTU2017-848-PRJ1111-Escherischia-coli-360-16047576_S29_L001_R1_001	PRJEB22091	SAMEA104205938	ERX2148140	ERR2091346	ERA984054	Run_2017_8_8_12_24_2_run43	ftp.sra.ebi.ac.uk/vol1/fastq/ERR209/006/ERR2091346/ERR2091346_1.fastq.gz;ftp.sra.ebi.ac.uk/vol1/fastq/ERR209/006/ERR2091346/ERR2091346_2.fastq.gz	ftp.sra.ebi.ac.uk/vol1/err/ERR209/006/ERR2091346	64.0	R	R	R	8.0	S	S	S	0.5	I	R	I	1.0	S	R	S	1.0		S	S	2.0	I	R	I	4.0	S	R	I	0.015	S	S	S	8.0	S	S		1.0	S	S	S	0.125	S	S	S	0.03	S	S	S	128.0	R	R		1024.0	R			64.0	R	R		0.25	S	S	S
DTU2017-849-PRJ1111-Escherischia-coli-360-16048387_S30_L001_R1_001	PRJEB22091	SAMEA104205939	ERX2148141	ERR2091347	ERA984054	Run_2017_8_8_12_24_2_run44	ftp.sra.ebi.ac.uk/vol1/fastq/ERR209/007/ERR2091347/ERR2091347_1.fastq.gz;ftp.sra.ebi.ac.uk/vol1/fastq/ERR209/007/ERR2091347/ERR2091347_2.fastq.gz	ftp.sra.ebi.ac.uk/vol1/err/ERR209/007/ERR2091347	64.0	R	R	R	8.0	S	S	S	0.5	I	R	I	0.125	S	S	S	1.0		S	S	8.0	R	R	R	8.0	I	R	R	0.03	S	S	S	64.0	R	R		1.0	S	S	S	0.125	S	S	S	0.03	S	S	S	128.0	R	R		8.0	S			2.0	S	S		0.25	S	S	S
DTU2017-850-PRJ1111-Escherischia-coli-360-16048392_S31_L001_R1_001	PRJEB22091	SAMEA104205940	ERX2148142	ERR2091348	ERA984054	Run_2017_8_8_12_24_2_run45	ftp.sra.ebi.ac.uk/vol1/fastq/ERR209/008/ERR2091348/ERR2091348_1.fastq.gz;ftp.sra.ebi.ac.uk/vol1/fastq/ERR209/008/ERR2091348/ERR2091348_2.fastq.gz	ftp.sra.ebi.ac.uk/vol1/err/ERR209/008/ERR2091348	64.0	R	R	R	8.0	S	S	S	0.015	S	S	S	0.25	S	R	S	1.0		S	S	8.0	R	R	R	16.0	R	R	R	0.03	S	S	S	32.0	R	R		16.0	R	R	R	0.25	S	S	S	0.03	S	S	S	4.0	S	S		1024.0	R			64.0	R	R		0.25	S	S	S
DTU2017-851-PRJ1111-Escherischia-coli-360-16048589_S32_L001_R1_001	PRJEB22091	SAMEA104205941	ERX2148143	ERR2091349	ERA984054	Run_2017_8_8_12_24_2_run46	ftp.sra.ebi.ac.uk/vol1/fastq/ERR209/009/ERR2091349/ERR2091349_1.fastq.gz;ftp.sra.ebi.ac.uk/vol1/fastq/ERR209/009/ERR2091349/ERR2091349_2.fastq.gz	ftp.sra.ebi.ac.uk/vol1/err/ERR209/009/ERR2091349	64.0	R	R	R	8.0	S	S	S	0.015	S	S	S	0.25	S	R	S	1.0		S	S	8.0	R	R	R	8.0	I	R	R	0.03	S	S	S	32.0	R	R		16.0	R	R	R	0.25	S	S	S	0.03	S	S	S	4.0	S	S		1024.0	R			32.0	R	R		0.25	S	S	S
DTU2017-852-PRJ1111-Escherischia-coli-360-16049134_S33_L001_R1_001	PRJEB22091	SAMEA104205942	ERX2148144	ERR2091350	ERA984054	Run_2017_8_8_12_24_2_run47	ftp.sra.ebi.ac.uk/vol1/fastq/ERR209/000/ERR2091350/ERR2091350_1.fastq.gz;ftp.sra.ebi.ac.uk/vol1/fastq/ERR209/000/ERR2091350/ERR2091350_2.fastq.gz	ftp.sra.ebi.ac.uk/vol1/err/ERR209/000/ERR2091350	64.0	R	R	R	8.0	S	S	S	0.015	S	S	S	32.0	R	R	R	1.0		S	S	64.0	R	R	R	4.0	S	R	I	0.03	S	S	S	4.0	S	S		0.5	S	S	S	0.125	S	S	S	0.03	S	S	S	4.0	S	S		1024.0	R			2.0	S	S		32.0	R	R	R
DTU2017-853-PRJ1111-Escherischia-coli-360-16049218_S34_L001_R1_001	PRJEB22091	SAMEA104205943	ERX2148145	ERR2091351	ERA984054	Run_2017_8_8_12_24_2_run48	ftp.sra.ebi.ac.uk/vol1/fastq/ERR209/001/ERR2091351/ERR2091351_1.fastq.gz;ftp.sra.ebi.ac.uk/vol1/fastq/ERR209/001/ERR2091351/ERR2091351_2.fastq.gz	ftp.sra.ebi.ac.uk/vol1/err/ERR209/001/ERR2091351	64.0	R	R	R	8.0	S	S	S	0.015	S	S	S	32.0	R	R	R	1.0		S	S	64.0	R	R	R	4.0	S	R	I	0.03	S	S	S	4.0	S	S		1.0	S	S	S	0.125	S	S	S	0.03	S	S	S	4.0	S	S		1024.0	R			2.0	S	S		32.0	R	R	R
DTU2017-854-PRJ1111-Escherischia-coli-360-16049438_S35_L001_R1_001	PRJEB22091	SAMEA104205944	ERX2148146	ERR2091352	ERA984054	Run_2017_8_8_12_24_2_run49	ftp.sra.ebi.ac.uk/vol1/fastq/ERR209/002/ERR2091352/ERR2091352_1.fastq.gz;ftp.sra.ebi.ac.uk/vol1/fastq/ERR209/002/ERR2091352/ERR2091352_2.fastq.gz	ftp.sra.ebi.ac.uk/vol1/err/ERR209/002/ERR2091352	64.0	R	R	R	8.0	S	S	S	2.0	R	R	R	0.25	S	R	S	1.0		S	S	2.0	I	R	I	8.0	I	R	R	0.015	S	S	S	4.0	S	S		1.0	S	S	S	0.25	S	S	S	0.03	S	S	S	128.0	R	R		1024.0	R			2.0	S	S		32.0	R	R	R
DTU2017-855-PRJ1111-Escherischia-coli-360-16049447_S36_L001_R1_001	PRJEB22091	SAMEA104205945	ERX2148147	ERR2091353	ERA984054	Run_2017_8_8_12_24_2_run50	ftp.sra.ebi.ac.uk/vol1/fastq/ERR209/003/ERR2091353/ERR2091353_1.fastq.gz;ftp.sra.ebi.ac.uk/vol1/fastq/ERR209/003/ERR2091353/ERR2091353_2.fastq.gz	ftp.sra.ebi.ac.uk/vol1/err/ERR209/003/ERR2091353	64.0	R	R	R	8.0	S	S	S	0.015	S	S	S	0.25	S	R	S	1.0		S	S	32.0	R	R	R	16.0	R	R	R	0.06	S	S	S	64.0	R	R		0.5	S	S	S	0.25	S	S	S	0.03	S	S	S	4.0	S	S		8.0	S			2.0	S	S		0.25	S	S	S
DTU2017-856-PRJ1111-Escherischia-coli-360-16057220_S37_L001_R1_001	PRJEB22091	SAMEA104205946	ERX2148148	ERR2091354	ERA984054	Run_2017_8_8_12_24_2_run51	ftp.sra.ebi.ac.uk/vol1/fastq/ERR209/004/ERR2091354/ERR2091354_1.fastq.gz;ftp.sra.ebi.ac.uk/vol1/fastq/ERR209/004/ERR2091354/ERR2091354_2.fastq.gz	ftp.sra.ebi.ac.uk/vol1/err/ERR209/004/ERR2091354	64.0	R	R	R	8.0	S	S	S	0.015	S	S	S	4.0	I	R	I	1.0		S	S	16.0	R	R	R	1.0	S	R	S	0.015	S	S	S	4.0	S	S		0.5	S	S	S	0.125	S	S	S	0.03	S	S	S	4.0	S	S		1024.0	R			64.0	R	R		0.25	S	S	S
DTU2017-857-PRJ1111-Escherischia-coli-360-16057230_S38_L001_R1_001	PRJEB22091	SAMEA104205947	ERX2148149	ERR2091355	ERA984054	Run_2017_8_8_12_24_2_run52	ftp.sra.ebi.ac.uk/vol1/fastq/ERR209/005/ERR2091355/ERR2091355_1.fastq.gz;ftp.sra.ebi.ac.uk/vol1/fastq/ERR209/005/ERR2091355/ERR2091355_2.fastq.gz	ftp.sra.ebi.ac.uk/vol1/err/ERR209/005/ERR2091355	64.0	R	R	R	8.0	S	S	S	0.25	S	R	S	8.0	I	R	R	1.0		S	S	32.0	R	R	R	1.0	S	R	S	0.015	S	S	S	4.0	S	S		1.0	S	S	S	0.125	S	S	S	0.03	S	S	S	128.0	R	R		1024.0	R			64.0	R	R		0.25	S	S	S
DTU2017-858-PRJ1111-Escherischia-coli-360-16057231_S39_L001_R1_001	PRJEB22091	SAMEA104205948	ERX2148150	ERR2091356	ERA984054	Run_2017_8_8_12_24_2_run53	ftp.sra.ebi.ac.uk/vol1/fastq/ERR209/006/ERR2091356/ERR2091356_1.fastq.gz;ftp.sra.ebi.ac.uk/vol1/fastq/ERR209/006/ERR2091356/ERR2091356_2.fastq.gz	ftp.sra.ebi.ac.uk/vol1/err/ERR209/006/ERR2091356	64.0	R	R	R	64.0	R	R	R	0.015	S	S	S	0.25	S	R	S	1.0		S	S	4.0	R	R	R	16.0	R	R	R	0.03	S	S	S	64.0	R	R		32.0	R	R	R	0.25	S	S	S	0.03	S	S	S	4.0	S	S		1024.0	R			64.0	R	R		0.25	S	S	S
DTU2017-859-PRJ1111-Escherischia-coli-360-16058421_S40_L001_R1_001	PRJEB22091	SAMEA104205949	ERX2148151	ERR2091357	ERA984054	Run_2017_8_8_12_24_2_run54	ftp.sra.ebi.ac.uk/vol1/fastq/ERR209/007/ERR2091357/ERR2091357_1.fastq.gz;ftp.sra.ebi.ac.uk/vol1/fastq/ERR209/007/ERR2091357/ERR2091357_2.fastq.gz	ftp.sra.ebi.ac.uk/vol1/err/ERR209/007/ERR2091357	64.0	R	R	R	8.0	S	S	S	0.015	S	S	S	0.25	S	R	S	1.0		S	S	8.0	R	R	R	8.0	I	R	R	0.06	S	S	S	64.0	R	R		32.0	R	R	R	0.25	S	S	S	0.03	S	S	S	4.0	S	S		1024.0	R			64.0	R	R		0.25	S	S	S
DTU2017-860-PRJ1111-Escherischia-coli-360-16058443_S41_L001_R1_001	PRJEB22091	SAMEA104205950	ERX2148152	ERR2091358	ERA984054	Run_2017_8_8_12_24_2_run55	ftp.sra.ebi.ac.uk/vol1/fastq/ERR209/008/ERR2091358/ERR2091358_1.fastq.gz;ftp.sra.ebi.ac.uk/vol1/fastq/ERR209/008/ERR2091358/ERR2091358_2.fastq.gz	ftp.sra.ebi.ac.uk/vol1/err/ERR209/008/ERR2091358	64.0	R	R	R	8.0	S	S	S	0.015	S	S	S	0.25	S	R	S	1.0		S	S	8.0	R	R	R	8.0	I	R	R	0.03	S	S	S	32.0	R	R		16.0	R	R	R	0.25	S	S	S	0.03	S	S	S	4.0	S	S		1024.0	R			64.0	R	R		0.25	S	S	S
DTU2017-861-PRJ1111-Escherischia-coli-360-16058507_S42_L001_R1_001	PRJEB22091	SAMEA104205951	ERX2148153	ERR2091359	ERA984054	Run_2017_8_8_12_24_2_run56	ftp.sra.ebi.ac.uk/vol1/fastq/ERR209/009/ERR2091359/ERR2091359_1.fastq.gz;ftp.sra.ebi.ac.uk/vol1/fastq/ERR209/009/ERR2091359/ERR2091359_2.fastq.gz	ftp.sra.ebi.ac.uk/vol1/err/ERR209/009/ERR2091359	64.0	R	R	R	8.0	S	S	S	0.015	S	S	S	0.25	S	R	S	1.0		S	S	8.0	R	R	R	8.0	I	R	R	0.03	S	S	S	32.0	R	R		16.0	R	R	R	0.25	S	S	S	0.03	S	S	S	4.0	S	S		1024.0	R			64.0	R	R		0.25	S	S	S
DTU2017-862-PRJ1111-Escherischia-coli-360-16063593_S43_L001_R1_001	PRJEB22091	SAMEA104205952	ERX2148154	ERR2091360	ERA984054	Run_2017_8_8_12_24_2_run57	ftp.sra.ebi.ac.uk/vol1/fastq/ERR209/000/ERR2091360/ERR2091360_1.fastq.gz;ftp.sra.ebi.ac.uk/vol1/fastq/ERR209/000/ERR2091360/ERR2091360_2.fastq.gz	ftp.sra.ebi.ac.uk/vol1/err/ERR209/000/ERR2091360	64.0	R	R	R	8.0	S	S	S	0.015	S	S	S	0.125	S	S	S	1.0		S	S	2.0	I	R	I	4.0	S	R	I	0.015	S	S	S	32.0	R	R		0.5	S	S	S	0.25	S	S	S	0.03	S	S	S	4.0	S	S		8.0	S			2.0	S	S		0.25	S	S	S
DTU2017-863-PRJ1111-Escherischia-coli-360-16063994_S44_L001_R1_001	PRJEB22091	SAMEA104205953	ERX2148155	ERR2091361	ERA984054	Run_2017_8_8_12_24_2_run58	ftp.sra.ebi.ac.uk/vol1/fastq/ERR209/001/ERR2091361/ERR2091361_1.fastq.gz;ftp.sra.ebi.ac.uk/vol1/fastq/ERR209/001/ERR2091361/ERR2091361_2.fastq.gz	ftp.sra.ebi.ac.uk/vol1/err/ERR209/001/ERR2091361	64.0	R	R	R	8.0	S	S	S	0.25	S	R	S	0.25	S	R	S	1.0		S	S	4.0	R	R	R	4.0	S	R	I	0.015	S	S	S	32.0	R	R		32.0	R	R	R	0.25	S	S	S	0.03	S	S	S	128.0	R	R		1024.0	R			2.0	S	S		0.25	S	S	S
DTU2017-864-PRJ1111-Escherischia-coli-360-16064004_S45_L001_R1_001	PRJEB22091	SAMEA104205954	ERX2148156	ERR2091362	ERA984054	Run_2017_8_8_12_24_2_run59	ftp.sra.ebi.ac.uk/vol1/fastq/ERR209/002/ERR2091362/ERR2091362_1.fastq.gz;ftp.sra.ebi.ac.uk/vol1/fastq/ERR209/002/ERR2091362/ERR2091362_2.fastq.gz	ftp.sra.ebi.ac.uk/vol1/err/ERR209/002/ERR2091362	64.0	R	R	R	8.0	S	S	S	0.015	S	S	S	0.5	S	R	S	1.0		S	S	4.0	R	R	R	4.0	S	R	I	0.015	S	S	S	4.0	S	S		0.5	S	S	S	0.125	S	S	S	0.03	S	S	S	4.0	S	S		8.0	S			64.0	R	R		0.25	S	S	S
DTU2017-865-PRJ1111-Escherischia-coli-360-16040464_S46_L001_R1_001	PRJEB22091	SAMEA104205955	ERX2148157	ERR2091363	ERA984054	Run_2017_8_8_12_24_2_run60	ftp.sra.ebi.ac.uk/vol1/fastq/ERR209/003/ERR2091363/ERR2091363_1.fastq.gz;ftp.sra.ebi.ac.uk/vol1/fastq/ERR209/003/ERR2091363/ERR2091363_2.fastq.gz	ftp.sra.ebi.ac.uk/vol1/err/ERR209/003/ERR2091363	64.0	R	R	R	8.0	S	S	S	0.125	S	R	S	0.125	S	S	S	1.0		S	S	1.0	S	R	S	4.0	S	R	I	0.03	S	S	S	32.0	R	R		1.0	S	S	S	0.125	S	S	S	0.03	S	S	S	64.0	R	R		8.0	S			64.0	R	R		0.25	S	S	S
DTU2017-866-PRJ1111-Escherischia-coli-360-16040465_S47_L001_R1_001	PRJEB22091	SAMEA104205956	ERX2148158	ERR2091364	ERA984054	Run_2017_8_8_12_24_2_run61	ftp.sra.ebi.ac.uk/vol1/fastq/ERR209/004/ERR2091364/ERR2091364_1.fastq.gz;ftp.sra.ebi.ac.uk/vol1/fastq/ERR209/004/ERR2091364/ERR2091364_2.fastq.gz	ftp.sra.ebi.ac.uk/vol1/err/ERR209/004/ERR2091364	64.0	R	R	R	8.0	S	S	S	0.015	S	S	S	0.5	S	R	S	1.0		S	S	16.0	R	R	R	8.0	I	R	R	0.06	S	S	S	64.0	R	R		1.0	S	S	S	0.5	S	S	S	0.03	S	S	S	4.0	S	S		1024.0	R			64.0	R	R		32.0	R	R	R
16003091_S8_L001_R1_001	PRJEB22091	SAMEA104205957	ERX2148159	ERR2091365	ERA984054	Run_2017_8_8_12_24_2_run62	ftp.sra.ebi.ac.uk/vol1/fastq/ERR209/005/ERR2091365/ERR2091365_1.fastq.gz;ftp.sra.ebi.ac.uk/vol1/fastq/ERR209/005/ERR2091365/ERR2091365_2.fastq.gz	ftp.sra.ebi.ac.uk/vol1/err/ERR209/005/ERR2091365																																																																
16003146_S9_L001_R1_001	PRJEB22091	SAMEA104205958	ERX2148160	ERR2091366	ERA984054	Run_2017_8_8_12_24_2_run63	ftp.sra.ebi.ac.uk/vol1/fastq/ERR209/006/ERR2091366/ERR2091366_1.fastq.gz;ftp.sra.ebi.ac.uk/vol1/fastq/ERR209/006/ERR2091366/ERR2091366_2.fastq.gz	ftp.sra.ebi.ac.uk/vol1/err/ERR209/006/ERR2091366																																																																
16004601_S10_L001_R1_001	PRJEB22091	SAMEA104205959	ERX2148161	ERR2091367	ERA984054	Run_2017_8_8_12_24_2_run64	ftp.sra.ebi.ac.uk/vol1/fastq/ERR209/007/ERR2091367/ERR2091367_1.fastq.gz;ftp.sra.ebi.ac.uk/vol1/fastq/ERR209/007/ERR2091367/ERR2091367_2.fastq.gz	ftp.sra.ebi.ac.uk/vol1/err/ERR209/007/ERR2091367																																																																
16004613_S11_L001_R1_001	PRJEB22091	SAMEA104205960	ERX2148162	ERR2091368	ERA984054	Run_2017_8_8_12_24_2_run65	ftp.sra.ebi.ac.uk/vol1/fastq/ERR209/008/ERR2091368/ERR2091368_1.fastq.gz;ftp.sra.ebi.ac.uk/vol1/fastq/ERR209/008/ERR2091368/ERR2091368_2.fastq.gz	ftp.sra.ebi.ac.uk/vol1/err/ERR209/008/ERR2091368																																																																
16004978_S12_L001_R1_001	PRJEB22091	SAMEA104205961	ERX2148163	ERR2091369	ERA984054	Run_2017_8_8_12_24_2_run66	ftp.sra.ebi.ac.uk/vol1/fastq/ERR209/009/ERR2091369/ERR2091369_1.fastq.gz;ftp.sra.ebi.ac.uk/vol1/fastq/ERR209/009/ERR2091369/ERR2091369_2.fastq.gz	ftp.sra.ebi.ac.uk/vol1/err/ERR209/009/ERR2091369																																																																
16004979_S13_L001_R1_001	PRJEB22091	SAMEA104205962	ERX2148164	ERR2091370	ERA984054	Run_2017_8_8_12_24_2_run67	ftp.sra.ebi.ac.uk/vol1/fastq/ERR209/000/ERR2091370/ERR2091370_1.fastq.gz;ftp.sra.ebi.ac.uk/vol1/fastq/ERR209/000/ERR2091370/ERR2091370_2.fastq.gz	ftp.sra.ebi.ac.uk/vol1/err/ERR209/000/ERR2091370																																																																
16005224_S14_L001_R1_001	PRJEB22091	SAMEA104205963	ERX2148165	ERR2091371	ERA984054	Run_2017_8_8_12_24_2_run68	ftp.sra.ebi.ac.uk/vol1/fastq/ERR209/001/ERR2091371/ERR2091371_1.fastq.gz;ftp.sra.ebi.ac.uk/vol1/fastq/ERR209/001/ERR2091371/ERR2091371_2.fastq.gz	ftp.sra.ebi.ac.uk/vol1/err/ERR209/001/ERR2091371																																																																
16009076_S15_L001_R1_001	PRJEB22091	SAMEA104205964	ERX2148166	ERR2091372	ERA984054	Run_2017_8_8_12_24_2_run69	ftp.sra.ebi.ac.uk/vol1/fastq/ERR209/002/ERR2091372/ERR2091372_1.fastq.gz;ftp.sra.ebi.ac.uk/vol1/fastq/ERR209/002/ERR2091372/ERR2091372_2.fastq.gz	ftp.sra.ebi.ac.uk/vol1/err/ERR209/002/ERR2091372																																																																
16009215_S16_L001_R1_001	PRJEB22091	SAMEA104205965	ERX2148167	ERR2091373	ERA984054	Run_2017_8_8_12_24_2_run70	ftp.sra.ebi.ac.uk/vol1/fastq/ERR209/003/ERR2091373/ERR2091373_1.fastq.gz;ftp.sra.ebi.ac.uk/vol1/fastq/ERR209/003/ERR2091373/ERR2091373_2.fastq.gz	ftp.sra.ebi.ac.uk/vol1/err/ERR209/003/ERR2091373																																																																
16009246_S17_L001_R1_001	PRJEB22091	SAMEA104205966	ERX2148168	ERR2091374	ERA984054	Run_2017_8_8_12_24_2_run71	ftp.sra.ebi.ac.uk/vol1/fastq/ERR209/004/ERR2091374/ERR2091374_1.fastq.gz;ftp.sra.ebi.ac.uk/vol1/fastq/ERR209/004/ERR2091374/ERR2091374_2.fastq.gz	ftp.sra.ebi.ac.uk/vol1/err/ERR209/004/ERR2091374																																																																
16009280_S18_L001_R1_001	PRJEB22091	SAMEA104205967	ERX2148169	ERR2091375	ERA984054	Run_2017_8_8_12_24_2_run72	ftp.sra.ebi.ac.uk/vol1/fastq/ERR209/005/ERR2091375/ERR2091375_1.fastq.gz;ftp.sra.ebi.ac.uk/vol1/fastq/ERR209/005/ERR2091375/ERR2091375_2.fastq.gz	ftp.sra.ebi.ac.uk/vol1/err/ERR209/005/ERR2091375																																																																
16009361_S19_L001_R1_001	PRJEB22091	SAMEA104205968	ERX2148170	ERR2091376	ERA984054	Run_2017_8_8_12_24_2_run73	ftp.sra.ebi.ac.uk/vol1/fastq/ERR209/006/ERR2091376/ERR2091376_1.fastq.gz;ftp.sra.ebi.ac.uk/vol1/fastq/ERR209/006/ERR2091376/ERR2091376_2.fastq.gz	ftp.sra.ebi.ac.uk/vol1/err/ERR209/006/ERR2091376																																																																
16009362_S20_L001_R1_001	PRJEB22091	SAMEA104205969	ERX2148171	ERR2091377	ERA984054	Run_2017_8_8_12_24_2_run74	ftp.sra.ebi.ac.uk/vol1/fastq/ERR209/007/ERR2091377/ERR2091377_1.fastq.gz;ftp.sra.ebi.ac.uk/vol1/fastq/ERR209/007/ERR2091377/ERR2091377_2.fastq.gz	ftp.sra.ebi.ac.uk/vol1/err/ERR209/007/ERR2091377																																																																
16009408_S21_L001_R1_001	PRJEB22091	SAMEA104205970	ERX2148172	ERR2091378	ERA984054	Run_2017_8_8_12_24_2_run75	ftp.sra.ebi.ac.uk/vol1/fastq/ERR209/008/ERR2091378/ERR2091378_1.fastq.gz;ftp.sra.ebi.ac.uk/vol1/fastq/ERR209/008/ERR2091378/ERR2091378_2.fastq.gz	ftp.sra.ebi.ac.uk/vol1/err/ERR209/008/ERR2091378																																																																
16009415_S22_L001_R1_001	PRJEB22091	SAMEA104205971	ERX2148173	ERR2091379	ERA984054	Run_2017_8_8_12_24_2_run76	ftp.sra.ebi.ac.uk/vol1/fastq/ERR209/009/ERR2091379/ERR2091379_1.fastq.gz;ftp.sra.ebi.ac.uk/vol1/fastq/ERR209/009/ERR2091379/ERR2091379_2.fastq.gz	ftp.sra.ebi.ac.uk/vol1/err/ERR209/009/ERR2091379																																																																
16009664_S23_L001_R1_001	PRJEB22091	SAMEA104205972	ERX2148174	ERR2091380	ERA984054	Run_2017_8_8_12_24_2_run77	ftp.sra.ebi.ac.uk/vol1/fastq/ERR209/000/ERR2091380/ERR2091380_1.fastq.gz;ftp.sra.ebi.ac.uk/vol1/fastq/ERR209/000/ERR2091380/ERR2091380_2.fastq.gz	ftp.sra.ebi.ac.uk/vol1/err/ERR209/000/ERR2091380																																																																
16009678_S24_L001_R1_001	PRJEB22091	SAMEA104205973	ERX2148175	ERR2091381	ERA984054	Run_2017_8_8_12_24_2_run78	ftp.sra.ebi.ac.uk/vol1/fastq/ERR209/001/ERR2091381/ERR2091381_1.fastq.gz;ftp.sra.ebi.ac.uk/vol1/fastq/ERR209/001/ERR2091381/ERR2091381_2.fastq.gz	ftp.sra.ebi.ac.uk/vol1/err/ERR209/001/ERR2091381																																																																
16009908_S25_L001_R1_001	PRJEB22091	SAMEA104205974	ERX2148176	ERR2091382	ERA984054	Run_2017_8_8_12_24_2_run79	ftp.sra.ebi.ac.uk/vol1/fastq/ERR209/002/ERR2091382/ERR2091382_1.fastq.gz;ftp.sra.ebi.ac.uk/vol1/fastq/ERR209/002/ERR2091382/ERR2091382_2.fastq.gz	ftp.sra.ebi.ac.uk/vol1/err/ERR209/002/ERR2091382																																																																
16009950_S26_L001_R1_001	PRJEB22091	SAMEA104205975	ERX2148177	ERR2091383	ERA984054	Run_2017_8_8_12_24_2_run80	ftp.sra.ebi.ac.uk/vol1/fastq/ERR209/003/ERR2091383/ERR2091383_1.fastq.gz;ftp.sra.ebi.ac.uk/vol1/fastq/ERR209/003/ERR2091383/ERR2091383_2.fastq.gz	ftp.sra.ebi.ac.uk/vol1/err/ERR209/003/ERR2091383																																																																
16010294_S27_L001_R1_001	PRJEB22091	SAMEA104205976	ERX2148178	ERR2091384	ERA984054	Run_2017_8_8_12_24_2_run81	ftp.sra.ebi.ac.uk/vol1/fastq/ERR209/004/ERR2091384/ERR2091384_1.fastq.gz;ftp.sra.ebi.ac.uk/vol1/fastq/ERR209/004/ERR2091384/ERR2091384_2.fastq.gz	ftp.sra.ebi.ac.uk/vol1/err/ERR209/004/ERR2091384																																																																
16018597_S28_L001_R1_001	PRJEB22091	SAMEA104205977	ERX2148179	ERR2091385	ERA984054	Run_2017_8_8_12_24_2_run82	ftp.sra.ebi.ac.uk/vol1/fastq/ERR209/005/ERR2091385/ERR2091385_1.fastq.gz;ftp.sra.ebi.ac.uk/vol1/fastq/ERR209/005/ERR2091385/ERR2091385_2.fastq.gz	ftp.sra.ebi.ac.uk/vol1/err/ERR209/005/ERR2091385																																																																
16018634_S29_L001_R1_001	PRJEB22091	SAMEA104205978	ERX2148180	ERR2091386	ERA984054	Run_2017_8_8_12_24_2_run83	ftp.sra.ebi.ac.uk/vol1/fastq/ERR209/006/ERR2091386/ERR2091386_1.fastq.gz;ftp.sra.ebi.ac.uk/vol1/fastq/ERR209/006/ERR2091386/ERR2091386_2.fastq.gz	ftp.sra.ebi.ac.uk/vol1/err/ERR209/006/ERR2091386																																																																
16018874_S30_L001_R1_001	PRJEB22091	SAMEA104205979	ERX2148181	ERR2091387	ERA984054	Run_2017_8_8_12_24_2_run84	ftp.sra.ebi.ac.uk/vol1/fastq/ERR209/007/ERR2091387/ERR2091387_1.fastq.gz;ftp.sra.ebi.ac.uk/vol1/fastq/ERR209/007/ERR2091387/ERR2091387_2.fastq.gz	ftp.sra.ebi.ac.uk/vol1/err/ERR209/007/ERR2091387																																																																
16019035_S31_L001_R1_001	PRJEB22091	SAMEA104205980	ERX2148182	ERR2091388	ERA984054	Run_2017_8_8_12_24_2_run85	ftp.sra.ebi.ac.uk/vol1/fastq/ERR209/008/ERR2091388/ERR2091388_1.fastq.gz;ftp.sra.ebi.ac.uk/vol1/fastq/ERR209/008/ERR2091388/ERR2091388_2.fastq.gz	ftp.sra.ebi.ac.uk/vol1/err/ERR209/008/ERR2091388																																																																
16019085_S32_L001_R1_001	PRJEB22091	SAMEA104205981	ERX2148183	ERR2091389	ERA984054	Run_2017_8_8_12_24_2_run86	ftp.sra.ebi.ac.uk/vol1/fastq/ERR209/009/ERR2091389/ERR2091389_1.fastq.gz;ftp.sra.ebi.ac.uk/vol1/fastq/ERR209/009/ERR2091389/ERR2091389_2.fastq.gz	ftp.sra.ebi.ac.uk/vol1/err/ERR209/009/ERR2091389																																																																
16019702_S33_L001_R1_001	PRJEB22091	SAMEA104205982	ERX2148184	ERR2091390	ERA984054	Run_2017_8_8_12_24_2_run87	ftp.sra.ebi.ac.uk/vol1/fastq/ERR209/000/ERR2091390/ERR2091390_1.fastq.gz;ftp.sra.ebi.ac.uk/vol1/fastq/ERR209/000/ERR2091390/ERR2091390_2.fastq.gz	ftp.sra.ebi.ac.uk/vol1/err/ERR209/000/ERR2091390																																																																
16019704_S34_L001_R1_001	PRJEB22091	SAMEA104205983	ERX2148185	ERR2091391	ERA984054	Run_2017_8_8_12_24_2_run88	ftp.sra.ebi.ac.uk/vol1/fastq/ERR209/001/ERR2091391/ERR2091391_1.fastq.gz;ftp.sra.ebi.ac.uk/vol1/fastq/ERR209/001/ERR2091391/ERR2091391_2.fastq.gz	ftp.sra.ebi.ac.uk/vol1/err/ERR209/001/ERR2091391																																																																
16019726_S35_L001_R1_001	PRJEB22091	SAMEA104205984	ERX2148186	ERR2091392	ERA984054	Run_2017_8_8_12_24_2_run89	ftp.sra.ebi.ac.uk/vol1/fastq/ERR209/002/ERR2091392/ERR2091392_1.fastq.gz;ftp.sra.ebi.ac.uk/vol1/fastq/ERR209/002/ERR2091392/ERR2091392_2.fastq.gz	ftp.sra.ebi.ac.uk/vol1/err/ERR209/002/ERR2091392																																																																
16019802_S36_L001_R1_001	PRJEB22091	SAMEA104205985	ERX2148187	ERR2091393	ERA984054	Run_2017_8_8_12_24_2_run90	ftp.sra.ebi.ac.uk/vol1/fastq/ERR209/003/ERR2091393/ERR2091393_1.fastq.gz;ftp.sra.ebi.ac.uk/vol1/fastq/ERR209/003/ERR2091393/ERR2091393_2.fastq.gz	ftp.sra.ebi.ac.uk/vol1/err/ERR209/003/ERR2091393																																																																
16019805_S37_L001_R1_001	PRJEB22091	SAMEA104205986	ERX2148188	ERR2091394	ERA984054	Run_2017_8_8_12_24_2_run91	ftp.sra.ebi.ac.uk/vol1/fastq/ERR209/004/ERR2091394/ERR2091394_1.fastq.gz;ftp.sra.ebi.ac.uk/vol1/fastq/ERR209/004/ERR2091394/ERR2091394_2.fastq.gz	ftp.sra.ebi.ac.uk/vol1/err/ERR209/004/ERR2091394																																																																
DTU2017-769-PRJ1111-Escherischia-coli-528-16010656_S1_L001_R1_001	PRJEB22091	SAMEA104205987	ERX2148189	ERR2091395	ERA984054	Run_2017_8_8_12_24_2_run92	ftp.sra.ebi.ac.uk/vol1/fastq/ERR209/005/ERR2091395/ERR2091395_1.fastq.gz;ftp.sra.ebi.ac.uk/vol1/fastq/ERR209/005/ERR2091395/ERR2091395_2.fastq.gz	ftp.sra.ebi.ac.uk/vol1/err/ERR209/005/ERR2091395																																																																
DTU2017-770-PRJ1111-Escherischia-coli-528-16010678_S2_L001_R1_001	PRJEB22091	SAMEA104205988	ERX2148190	ERR2091396	ERA984054	Run_2017_8_8_12_24_2_run93	ftp.sra.ebi.ac.uk/vol1/fastq/ERR209/006/ERR2091396/ERR2091396_1.fastq.gz;ftp.sra.ebi.ac.uk/vol1/fastq/ERR209/006/ERR2091396/ERR2091396_2.fastq.gz	ftp.sra.ebi.ac.uk/vol1/err/ERR209/006/ERR2091396	64.0	R	R	R	8.0	S	S	S	0.015	S	S	S	4.0	I	R	I	1.0		S	S	32.0	R	R	R	2.0	S	R	I	0.015	S	S	S	4.0	S	S		0.5	S	S	S	0.125	S	S	S	0.03	S	S	S	4.0	S	S		8.0	S			2.0	S	S		0.25	S	S	S
DTU2017-771-PRJ1111-Escherischia-coli-528-16012052_S3_L001_R1_001	PRJEB22091	SAMEA104205989	ERX2148191	ERR2091397	ERA984054	Run_2017_8_8_12_24_2_run94	ftp.sra.ebi.ac.uk/vol1/fastq/ERR209/007/ERR2091397/ERR2091397_1.fastq.gz;ftp.sra.ebi.ac.uk/vol1/fastq/ERR209/007/ERR2091397/ERR2091397_2.fastq.gz	ftp.sra.ebi.ac.uk/vol1/err/ERR209/007/ERR2091397	64.0	R	R	R	8.0	S	S	S	0.5	I	R	I	2.0	S	R	I	1.0		S	S	8.0	R	R	R	16.0	R	R	R	0.03	S	S	S	8.0	S	S		0.5	S	S	S	0.25	S	S	S	0.03	S	S	S	8.0	S	S		8.0	S			2.0	S	S		0.25	S	S	S
DTU2017-772-PRJ1111-Escherischia-coli-528-16021226_S4_L001_R1_001	PRJEB22091	SAMEA104205990	ERX2148192	ERR2091398	ERA984054	Run_2017_8_8_12_24_2_run95	ftp.sra.ebi.ac.uk/vol1/fastq/ERR209/008/ERR2091398/ERR2091398_1.fastq.gz;ftp.sra.ebi.ac.uk/vol1/fastq/ERR209/008/ERR2091398/ERR2091398_2.fastq.gz	ftp.sra.ebi.ac.uk/vol1/err/ERR209/008/ERR2091398	64.0	R	R	R	32.0	R	R	R	0.125	S	R	S	2.0	S	R	I	1.0		S	S	8.0	R	R	R	8.0	I	R	R	0.015	S	S	S	4.0	S	S		32.0	R	R	R	0.25	S	S	S	0.03	S	S	S	8.0	S	S		1024.0	R			64.0	R	R		32.0	R	R	R
DTU2017-773-PRJ1111-Escherischia-coli-528-16021227_S5_L001_R1_001	PRJEB22091	SAMEA104205991	ERX2148193	ERR2091399	ERA984054	Run_2017_8_8_12_24_2_run96	ftp.sra.ebi.ac.uk/vol1/fastq/ERR209/009/ERR2091399/ERR2091399_1.fastq.gz;ftp.sra.ebi.ac.uk/vol1/fastq/ERR209/009/ERR2091399/ERR2091399_2.fastq.gz	ftp.sra.ebi.ac.uk/vol1/err/ERR209/009/ERR2091399	64.0	R	R	R	8.0	S	S	S	0.125	S	R	S	0.125	S	S	S	1.0		S	S	1.0	S	R	S	2.0	S	R	I	0.03	S	S	S	32.0	R	R		0.5	S	S	S	0.25	S	S	S	0.06	S	S	S	64.0	R	R		8.0	S			64.0	R	R		0.25	S	S	S
DTU2017-774-PRJ1111-Escherischia-coli-528-16025596_S6_L001_R1_001	PRJEB22091	SAMEA104205992	ERX2148194	ERR2091400	ERA984054	Run_2017_8_8_12_24_2_run97	ftp.sra.ebi.ac.uk/vol1/fastq/ERR209/000/ERR2091400/ERR2091400_1.fastq.gz;ftp.sra.ebi.ac.uk/vol1/fastq/ERR209/000/ERR2091400/ERR2091400_2.fastq.gz	ftp.sra.ebi.ac.uk/vol1/err/ERR209/000/ERR2091400	64.0	R	R	R	8.0	S	S	S	0.015	S	S	S	16.0	R	R	R	1.0		S	S	64.0	R	R	R	2.0	S	R	I	0.015	S	S	S	4.0	S	S		0.5	S	S	S	0.25	S	S	S	0.03	S	S	S	4.0	S	S		1024.0	R			2.0	S	S		32.0	R	R	R
DTU2017-775-PRJ1111-Escherischia-coli-528-16025600_S7_L001_R1_001	PRJEB22091	SAMEA104205993	ERX2148195	ERR2091401	ERA984054	Run_2017_8_8_12_24_2_run98	ftp.sra.ebi.ac.uk/vol1/fastq/ERR209/001/ERR2091401/ERR2091401_1.fastq.gz;ftp.sra.ebi.ac.uk/vol1/fastq/ERR209/001/ERR2091401/ERR2091401_2.fastq.gz	ftp.sra.ebi.ac.uk/vol1/err/ERR209/001/ERR2091401	64.0	R	R	R	64.0	R	R	R	0.5	I	R	I	0.5	S	R	S	1.0		S	S	4.0	R	R	R	16.0	R	R	R	0.015	S	S	S	8.0	S	S		0.5	S	S	S	0.25	S	S	S	0.03	S	S	S	128.0	R	R		1024.0	R			64.0	R	R		0.25	S	S	S
DTU2017-776-PRJ1111-Escherischia-coli-528-16027655_S8_L001_R1_001	PRJEB22091	SAMEA104205994	ERX2148196	ERR2091402	ERA984054	Run_2017_8_8_12_24_2_run99	ftp.sra.ebi.ac.uk/vol1/fastq/ERR209/002/ERR2091402/ERR2091402_1.fastq.gz;ftp.sra.ebi.ac.uk/vol1/fastq/ERR209/002/ERR2091402/ERR2091402_2.fastq.gz	ftp.sra.ebi.ac.uk/vol1/err/ERR209/002/ERR2091402	64.0	R	R	R	8.0	S	S	S	0.015	S	S	S	0.25	S	R	S	1.0		S	S	8.0	R	R	R	8.0	I	R	R	0.03	S	S	S	64.0	R	R		0.5	S	S	S	0.25	S	S	S	0.03	S	S	S	4.0	S	S		512.0	R			64.0	R	R		32.0	R	R	R
DTU2017-778-PRJ1111-Escherischia-coli-528-16027656_S10_L001_R1_001	PRJEB22091	SAMEA104205995	ERX2148197	ERR2091403	ERA984054	Run_2017_8_8_12_24_2_run100	ftp.sra.ebi.ac.uk/vol1/fastq/ERR209/003/ERR2091403/ERR2091403_1.fastq.gz;ftp.sra.ebi.ac.uk/vol1/fastq/ERR209/003/ERR2091403/ERR2091403_2.fastq.gz	ftp.sra.ebi.ac.uk/vol1/err/ERR209/003/ERR2091403																																																																
DTU2017-779-PRJ1111-Escherischia-coli-528-16027661_S11_L001_R1_001	PRJEB22091	SAMEA104205996	ERX2148198	ERR2091404	ERA984054	Run_2017_8_8_12_24_2_run101	ftp.sra.ebi.ac.uk/vol1/fastq/ERR209/004/ERR2091404/ERR2091404_1.fastq.gz;ftp.sra.ebi.ac.uk/vol1/fastq/ERR209/004/ERR2091404/ERR2091404_2.fastq.gz	ftp.sra.ebi.ac.uk/vol1/err/ERR209/004/ERR2091404	64.0	R	R	R	8.0	S	S	S	0.125	S	R	S	0.125	S	S	S	1.0		S	S	1.0	S	R	S	2.0	S	R	I	0.03	S	S	S	64.0	R	R		0.5	S	S	S	0.25	S	S	S	0.03	S	S	S	64.0	R	R		8.0	S			64.0	R	R		0.25	S	S	S
DTU2017-780-PRJ1111-Escherischia-coli-528-16027662_S12_L001_R1_001	PRJEB22091	SAMEA104205997	ERX2148199	ERR2091405	ERA984054	Run_2017_8_8_12_24_2_run102	ftp.sra.ebi.ac.uk/vol1/fastq/ERR209/005/ERR2091405/ERR2091405_1.fastq.gz;ftp.sra.ebi.ac.uk/vol1/fastq/ERR209/005/ERR2091405/ERR2091405_2.fastq.gz	ftp.sra.ebi.ac.uk/vol1/err/ERR209/005/ERR2091405	64.0	R	R	R	32.0	R	R	R	0.25	S	R	S	0.25	S	R	S	1.0		S	S	16.0	R	R	R	8.0	I	R	R	0.03	S	S	S	64.0	R	R		0.5	S	S	S	0.25	S	S	S	0.03	S	S	S	128.0	R	R		1024.0	R			2.0	S	S		0.25	S	S	S
DTU2017-781-PRJ1111-Escherischia-coli-528-16029131_S13_L001_R1_001	PRJEB22091	SAMEA104205998	ERX2148200	ERR2091406	ERA984054	Run_2017_8_8_12_24_2_run103	ftp.sra.ebi.ac.uk/vol1/fastq/ERR209/006/ERR2091406/ERR2091406_1.fastq.gz;ftp.sra.ebi.ac.uk/vol1/fastq/ERR209/006/ERR2091406/ERR2091406_2.fastq.gz	ftp.sra.ebi.ac.uk/vol1/err/ERR209/006/ERR2091406	64.0	R	R	R	8.0	S	S	S	0.125	S	R	S	0.125	S	S	S	1.0		S	S	1.0	S	R	S	2.0	S	R	I	0.03	S	S	S	32.0	R	R		0.5	S	S	S	0.25	S	S	S	0.03	S	S	S	128.0	R	R		8.0	S			64.0	R	R		0.25	S	S	S
DTU2017-782-PRJ1111-Escherischia-coli-528-16029133_S14_L001_R1_001	PRJEB22091	SAMEA104205999	ERX2148201	ERR2091407	ERA984054	Run_2017_8_8_12_24_2_run104	ftp.sra.ebi.ac.uk/vol1/fastq/ERR209/007/ERR2091407/ERR2091407_1.fastq.gz;ftp.sra.ebi.ac.uk/vol1/fastq/ERR209/007/ERR2091407/ERR2091407_2.fastq.gz	ftp.sra.ebi.ac.uk/vol1/err/ERR209/007/ERR2091407	64.0	R	R	R	8.0	S	S	S	0.015	S	S	S	0.25	S	R	S	1.0		S	S	16.0	R	R	R	8.0	I	R	R	0.06	S	S	S	64.0	R	R		1.0	S	S	S	0.25	S	S	S	0.03	S	S	S	4.0	S	S		1024.0	R			32.0	R	R		32.0	R	R	R
DTU2017-783-PRJ1111-Escherischia-coli-528-16029686_S15_L001_R1_001	PRJEB22091	SAMEA104206000	ERX2148202	ERR2091408	ERA984054	Run_2017_8_8_12_24_2_run105	ftp.sra.ebi.ac.uk/vol1/fastq/ERR209/008/ERR2091408/ERR2091408_1.fastq.gz;ftp.sra.ebi.ac.uk/vol1/fastq/ERR209/008/ERR2091408/ERR2091408_2.fastq.gz	ftp.sra.ebi.ac.uk/vol1/err/ERR209/008/ERR2091408	64.0	R	R	R	8.0	S	S	S	0.015	S	S	S	0.25	S	R	S	1.0		S	S	2.0	I	R	I	2.0	S	R	I	0.015	S	S	S	8.0	S	S		0.5	S	S	S	0.125	S	S	S	0.03	S	S	S	4.0	S	S		8.0	S			2.0	S	S		0.25	S	S	S
DTU2017-784-PRJ1111-Escherischia-coli-528-16029684_S16_L001_R1_001	PRJEB22091	SAMEA104206001	ERX2148203	ERR2091409	ERA984054	Run_2017_8_8_12_24_2_run106	ftp.sra.ebi.ac.uk/vol1/fastq/ERR209/009/ERR2091409/ERR2091409_1.fastq.gz;ftp.sra.ebi.ac.uk/vol1/fastq/ERR209/009/ERR2091409/ERR2091409_2.fastq.gz	ftp.sra.ebi.ac.uk/vol1/err/ERR209/009/ERR2091409	64.0	R	R	R	8.0	S	S	S	0.03	S	S	S	8.0	I	R	R	1.0		S	S	32.0	R	R	R	2.0	S	R	I	0.03	S	S	S	16.0	I	R		0.5	S	S	S	0.25	S	S	S	0.03	S	S	S	4.0	S	S		1024.0	R			64.0	R	R		32.0	R	R	R
DTU2017-785-PRJ1111-Escherischia-coli-528-16029691_S17_L001_R1_001	PRJEB22091	SAMEA104206002	ERX2148204	ERR2091410	ERA984054	Run_2017_8_8_12_24_2_run107	ftp.sra.ebi.ac.uk/vol1/fastq/ERR209/000/ERR2091410/ERR2091410_1.fastq.gz;ftp.sra.ebi.ac.uk/vol1/fastq/ERR209/000/ERR2091410/ERR2091410_2.fastq.gz	ftp.sra.ebi.ac.uk/vol1/err/ERR209/000/ERR2091410	64.0	R	R	R	8.0	S	S	S	0.125	S	R	S	0.125	S	S	S	1.0		S	S	1.0	S	R	S	2.0	S	R	I	0.03	S	S	S	32.0	R	R		0.5	S	S	S	0.25	S	S	S	0.03	S	S	S	64.0	R	R		8.0	S			64.0	R	R		0.25	S	S	S
DTU2017-786-PRJ1111-Escherischia-coli-528-16035021_S18_L001_R1_001	PRJEB22091	SAMEA104206003	ERX2148205	ERR2091411	ERA984054	Run_2017_8_8_12_24_2_run108	ftp.sra.ebi.ac.uk/vol1/fastq/ERR209/001/ERR2091411/ERR2091411_1.fastq.gz;ftp.sra.ebi.ac.uk/vol1/fastq/ERR209/001/ERR2091411/ERR2091411_2.fastq.gz	ftp.sra.ebi.ac.uk/vol1/err/ERR209/001/ERR2091411	64.0	R	R	R	8.0	S	S	S	0.125	S	R	S	0.06	S	S	S	1.0		S	S	1.0	S	R	S	1.0	S	R	S	0.03	S	S	S	32.0	R	R		0.5	S	S	S	0.125	S	S	S	0.03	S	S	S	64.0	R	R		8.0	S			64.0	R	R		0.25	S	S	S
DTU2017-787-PRJ1111-Escherischia-coli-528-16036861_S19_L001_R1_001	PRJEB22091	SAMEA104206004	ERX2148206	ERR2091412	ERA984054	Run_2017_8_8_12_24_2_run109	ftp.sra.ebi.ac.uk/vol1/fastq/ERR209/002/ERR2091412/ERR2091412_1.fastq.gz;ftp.sra.ebi.ac.uk/vol1/fastq/ERR209/002/ERR2091412/ERR2091412_2.fastq.gz	ftp.sra.ebi.ac.uk/vol1/err/ERR209/002/ERR2091412	64.0	R	R	R	8.0	S	S	S	0.015	S	S	S	0.25	S	R	S	1.0		S	S	8.0	R	R	R	8.0	I	R	R	0.03	S	S	S	32.0	R	R		0.5	S	S	S	0.25	S	S	S	0.03	S	S	S	4.0	S	S		8.0	S			2.0	S	S		0.25	S	S	S
DTU2017-788-PRJ1111-Escherischia-coli-528-16036862_S20_L001_R1_001	PRJEB22091	SAMEA104206005	ERX2148207	ERR2091413	ERA984054	Run_2017_8_8_12_24_2_run110	ftp.sra.ebi.ac.uk/vol1/fastq/ERR209/003/ERR2091413/ERR2091413_1.fastq.gz;ftp.sra.ebi.ac.uk/vol1/fastq/ERR209/003/ERR2091413/ERR2091413_2.fastq.gz	ftp.sra.ebi.ac.uk/vol1/err/ERR209/003/ERR2091413	64.0	R	R	R	8.0	S	S	S	0.03	S	S	S	0.25	S	R	S	1.0		S	S	8.0	R	R	R	8.0	I	R	R	0.03	S	S	S	64.0	R	R		0.5	S	S	S	0.25	S	S	S	0.03	S	S	S	4.0	S	S		8.0	S			2.0	S	S		0.25	S	S	S
DTU2017-789-PRJ1111-Escherischia-coli-528-16036882_S21_L001_R1_001	PRJEB22091	SAMEA104206006	ERX2148208	ERR2091414	ERA984054	Run_2017_8_8_12_24_2_run111	ftp.sra.ebi.ac.uk/vol1/fastq/ERR209/004/ERR2091414/ERR2091414_1.fastq.gz;ftp.sra.ebi.ac.uk/vol1/fastq/ERR209/004/ERR2091414/ERR2091414_2.fastq.gz	ftp.sra.ebi.ac.uk/vol1/err/ERR209/004/ERR2091414	64.0	R	R	R	8.0	S	S	S	0.25	S	R	S	0.125	S	S	S	1.0		S	S	1.0	S	R	S	2.0	S	R	I	0.03	S	S	S	32.0	R	R		0.5	S	S	S	0.25	S	S	S	0.03	S	S	S	64.0	R	R		8.0	S			2.0	S	S		0.25	S	S	S
DTU2017-790-PRJ1111-Escherischia-coli-528-16036883_S22_L001_R1_001	PRJEB22091	SAMEA104206007	ERX2148209	ERR2091415	ERA984054	Run_2017_8_8_12_24_2_run112	ftp.sra.ebi.ac.uk/vol1/fastq/ERR209/005/ERR2091415/ERR2091415_1.fastq.gz;ftp.sra.ebi.ac.uk/vol1/fastq/ERR209/005/ERR2091415/ERR2091415_2.fastq.gz	ftp.sra.ebi.ac.uk/vol1/err/ERR209/005/ERR2091415	64.0	R	R	R	8.0	S	S	S	0.125	S	R	S	0.125	S	S	S	1.0		S	S	1.0	S	R	S	2.0	S	R	I	0.03	S	S	S	64.0	R	R		0.5	S	S	S	0.25	S	S	S	0.03	S	S	S	128.0	R	R		8.0	S			64.0	R	R		0.25	S	S	S
DTU2017-791-PRJ1111-Escherischia-coli-528-16036884_S23_L001_R1_001	PRJEB22091	SAMEA104206008	ERX2148210	ERR2091416	ERA984054	Run_2017_8_8_12_24_2_run113	ftp.sra.ebi.ac.uk/vol1/fastq/ERR209/006/ERR2091416/ERR2091416_1.fastq.gz;ftp.sra.ebi.ac.uk/vol1/fastq/ERR209/006/ERR2091416/ERR2091416_2.fastq.gz	ftp.sra.ebi.ac.uk/vol1/err/ERR209/006/ERR2091416	64.0	R	R	R	8.0	S	S	S	0.25	S	R	S	0.125	S	S	S	1.0		S	S	2.0	I	R	I	2.0	S	R	I	0.015	S	S	S	64.0	R	R		0.5	S	S	S	0.25	S	S	S	0.03	S	S	S	64.0	R	R		8.0	S			64.0	R	R		0.25	S	S	S
DTU2017-792-PRJ1111-Escherischia-coli-528-16037235_S24_L001_R1_001	PRJEB22091	SAMEA104206009	ERX2148211	ERR2091417	ERA984054	Run_2017_8_8_12_24_2_run114	ftp.sra.ebi.ac.uk/vol1/fastq/ERR209/007/ERR2091417/ERR2091417_1.fastq.gz;ftp.sra.ebi.ac.uk/vol1/fastq/ERR209/007/ERR2091417/ERR2091417_2.fastq.gz	ftp.sra.ebi.ac.uk/vol1/err/ERR209/007/ERR2091417	64.0	R	R	R	8.0	S	S	S	0.015	S	S	S	1.0	S	R	S	1.0		S	S	4.0	R	R	R	8.0	I	R	R	0.015	S	S	S	4.0	S	S		0.5	S	S	S	0.125	S	S	S	0.03	S	S	S	4.0	S	S		8.0	S			64.0	R	R		0.25	S	S	S
DTU2017-793-PRJ1111-Escherischia-coli-528-16041472_S25_L001_R1_001	PRJEB22091	SAMEA104206010	ERX2148212	ERR2091418	ERA984054	Run_2017_8_8_12_24_2_run115	ftp.sra.ebi.ac.uk/vol1/fastq/ERR209/008/ERR2091418/ERR2091418_1.fastq.gz;ftp.sra.ebi.ac.uk/vol1/fastq/ERR209/008/ERR2091418/ERR2091418_2.fastq.gz	ftp.sra.ebi.ac.uk/vol1/err/ERR209/008/ERR2091418	64.0	R	R	R	8.0	S	S	S	0.015	S	S	S	0.25	S	R	S	1.0		S	S	8.0	R	R	R	8.0	I	R	R	0.03	S	S	S	64.0	R	R		32.0	R	R	R	0.25	S	S	S	0.03	S	S	S	4.0	S	S		1024.0	R			64.0	R	R		0.25	S	S	S
DTU2017-794-PRJ1111-Escherischia-coli-528-16041474_S26_L001_R1_001	PRJEB22091	SAMEA104206011	ERX2148213	ERR2091419	ERA984054	Run_2017_8_8_12_24_2_run116	ftp.sra.ebi.ac.uk/vol1/fastq/ERR209/009/ERR2091419/ERR2091419_1.fastq.gz;ftp.sra.ebi.ac.uk/vol1/fastq/ERR209/009/ERR2091419/ERR2091419_2.fastq.gz	ftp.sra.ebi.ac.uk/vol1/err/ERR209/009/ERR2091419	64.0	R	R	R	8.0	S	S	S	0.015	S	S	S	0.25	S	R	S	1.0		S	S	8.0	R	R	R	8.0	I	R	R	0.03	S	S	S	64.0	R	R		16.0	R	R	R	0.25	S	S	S	0.03	S	S	S	4.0	S	S		1024.0	R			64.0	R	R		0.25	S	S	S
DTU2017-795-PRJ1111-Escherischia-coli-528-16041453_S27_L001_R1_001	PRJEB22091	SAMEA104206012	ERX2148214	ERR2091420	ERA984054	Run_2017_8_8_12_24_2_run117	ftp.sra.ebi.ac.uk/vol1/fastq/ERR209/000/ERR2091420/ERR2091420_1.fastq.gz;ftp.sra.ebi.ac.uk/vol1/fastq/ERR209/000/ERR2091420/ERR2091420_2.fastq.gz	ftp.sra.ebi.ac.uk/vol1/err/ERR209/000/ERR2091420	64.0	R	R	R	8.0	S	S	S	0.015	S	S	S	1.0	S	R	S	1.0		S	S	4.0	R	R	R	8.0	I	R	R	0.015	S	S	S	4.0	S	S		0.5	S	S	S	0.125	S	S	S	0.03	S	S	S	4.0	S	S		8.0	S			64.0	R	R		0.25	S	S	S
DTU2017-796-PRJ1111-Escherischia-coli-528-16053324_S28_L001_R1_001	PRJEB22091	SAMEA104206013	ERX2148215	ERR2091421	ERA984054	Run_2017_8_8_12_24_2_run118	ftp.sra.ebi.ac.uk/vol1/fastq/ERR209/001/ERR2091421/ERR2091421_1.fastq.gz;ftp.sra.ebi.ac.uk/vol1/fastq/ERR209/001/ERR2091421/ERR2091421_2.fastq.gz	ftp.sra.ebi.ac.uk/vol1/err/ERR209/001/ERR2091421	64.0	R	R	R	8.0	S	S	S	0.015	S	S	S	0.25	S	R	S	1.0		S	S	8.0	R	R	R	8.0	I	R	R	0.03	S	S	S	32.0	R	R		32.0	R	R	R	0.25	S	S	S	0.03	S	S	S	4.0	S	S		1024.0	R			64.0	R	R		0.25	S	S	S
DTU2017-797-PRJ1111-Escherischia-coli-528-16053325_S29_L001_R1_001	PRJEB22091	SAMEA104206014	ERX2148216	ERR2091422	ERA984054	Run_2017_8_8_12_24_2_run119	ftp.sra.ebi.ac.uk/vol1/fastq/ERR209/002/ERR2091422/ERR2091422_1.fastq.gz;ftp.sra.ebi.ac.uk/vol1/fastq/ERR209/002/ERR2091422/ERR2091422_2.fastq.gz	ftp.sra.ebi.ac.uk/vol1/err/ERR209/002/ERR2091422	64.0	R	R	R	8.0	S	S	S	0.015	S	S	S	0.25	S	R	S	1.0		S	S	8.0	R	R	R	8.0	I	R	R	0.03	S	S	S	64.0	R	R		0.5	S	S	S	0.125	S	S	S	0.03	S	S	S	4.0	S	S		8.0	S			64.0	R	R		0.25	S	S	S
DTU2017-798-PRJ1111-Escherischia-coli-528-16056853_S30_L001_R1_001	PRJEB22091	SAMEA104206015	ERX2148217	ERR2091423	ERA984054	Run_2017_8_8_12_24_2_run120	ftp.sra.ebi.ac.uk/vol1/fastq/ERR209/003/ERR2091423/ERR2091423_1.fastq.gz;ftp.sra.ebi.ac.uk/vol1/fastq/ERR209/003/ERR2091423/ERR2091423_2.fastq.gz	ftp.sra.ebi.ac.uk/vol1/err/ERR209/003/ERR2091423	64.0	R	R	R	8.0	S	S	S	0.015	S	S	S	32.0	R	R	R	1.0		S	S	64.0	R	R	R	4.0	S	R	I	0.06	S	S	S	4.0	S	S		0.5	S	S	S	0.125	S	S	S	0.03	S	S	S	4.0	S	S		1024.0	R			2.0	S	S		32.0	R	R	R
DTU2017-799-PRJ1111-Escherischia-coli-528-16061291_S31_L001_R1_001	PRJEB22091	SAMEA104206016	ERX2148218	ERR2091424	ERA984054	Run_2017_8_8_12_24_2_run121	ftp.sra.ebi.ac.uk/vol1/fastq/ERR209/004/ERR2091424/ERR2091424_1.fastq.gz;ftp.sra.ebi.ac.uk/vol1/fastq/ERR209/004/ERR2091424/ERR2091424_2.fastq.gz	ftp.sra.ebi.ac.uk/vol1/err/ERR209/004/ERR2091424	64.0	R	R	R	8.0	S	S	S	0.125	S	R	S	0.06	S	S	S	1.0		S	S	1.0	S	R	S	2.0	S	R	I	0.015	S	S	S	32.0	R	R		0.5	S	S	S	0.125	S	S	S	0.03	S	S	S	64.0	R	R		8.0	S			64.0	R	R		0.25	S	S	S
DTU2017-800-PRJ1111-Escherischia-coli-528-16061041_S32_L001_R1_001	PRJEB22091	SAMEA104206017	ERX2148219	ERR2091425	ERA984054	Run_2017_8_8_12_24_2_run122	ftp.sra.ebi.ac.uk/vol1/fastq/ERR209/005/ERR2091425/ERR2091425_1.fastq.gz;ftp.sra.ebi.ac.uk/vol1/fastq/ERR209/005/ERR2091425/ERR2091425_2.fastq.gz	ftp.sra.ebi.ac.uk/vol1/err/ERR209/005/ERR2091425	64.0	R	R	R	8.0	S	S	S	0.015	S	S	S	0.25	S	R	S	1.0		S	S	8.0	R	R	R	8.0	I	R	R	0.03	S	S	S	64.0	R	R		0.5	S	S	S	0.25	S	S	S	0.03	S	S	S	4.0	S	S		1024.0	R			2.0	S	S		32.0	R	R	R
DTU2017-801-PRJ1111-Escherischia-coli-528-16061042_S33_L001_R1_001	PRJEB22091	SAMEA104206018	ERX2148220	ERR2091426	ERA984054	Run_2017_8_8_12_24_2_run123	ftp.sra.ebi.ac.uk/vol1/fastq/ERR209/006/ERR2091426/ERR2091426_1.fastq.gz;ftp.sra.ebi.ac.uk/vol1/fastq/ERR209/006/ERR2091426/ERR2091426_2.fastq.gz	ftp.sra.ebi.ac.uk/vol1/err/ERR209/006/ERR2091426	64.0	R	R	R	8.0	S	S	S	0.015	S	S	S	4.0	I	R	I	1.0		S	S	16.0	R	R	R	0.5	S	S	S	0.015	S	S	S	4.0	S	S		1.0	S	S	S	0.125	S	S	S	0.03	S	S	S	4.0	S	S		16.0	S			2.0	S	S		0.25	S	S	S
DTU2017-802-PRJ1111-Escherischia-coli-528-16062095_S34_L001_R1_001	PRJEB22091	SAMEA104206019	ERX2148221	ERR2091427	ERA984054	Run_2017_8_8_12_24_2_run124	ftp.sra.ebi.ac.uk/vol1/fastq/ERR209/007/ERR2091427/ERR2091427_1.fastq.gz;ftp.sra.ebi.ac.uk/vol1/fastq/ERR209/007/ERR2091427/ERR2091427_2.fastq.gz	ftp.sra.ebi.ac.uk/vol1/err/ERR209/007/ERR2091427	64.0	R	R	R	8.0	S	S	S	0.125	S	R	S	0.06	S	S	S	1.0		S	S	2.0	I	R	I	4.0	S	R	I	0.015	S	S	S	32.0	R	R		0.5	S	S	S	0.25	S	S	S	0.03	S	S	S	4.0	S	S		8.0	S			0.5	S	S		0.25	S	S	S
DTU2017-803-PRJ1111-Escherischia-coli-528-16062097_S35_L001_R1_001	PRJEB22091	SAMEA104206020	ERX2148222	ERR2091428	ERA984054	Run_2017_8_8_12_24_2_run125	ftp.sra.ebi.ac.uk/vol1/fastq/ERR209/008/ERR2091428/ERR2091428_1.fastq.gz;ftp.sra.ebi.ac.uk/vol1/fastq/ERR209/008/ERR2091428/ERR2091428_2.fastq.gz	ftp.sra.ebi.ac.uk/vol1/err/ERR209/008/ERR2091428	64.0	R	R	R	8.0	S	S	S	0.015	S	S	S	4.0	I	R	I	1.0		S	S	32.0	R	R	R	1.0	S	R	S	0.015	S	S	S	2.0	S	S		0.5	S	S	S	0.25	S	S	S	0.03	S	S	S	4.0	S	S		1024.0	R			32.0	R	R		0.25	S	S	S
DTU2017-804-PRJ1111-Escherischia-coli-528-16062099_S36_L001_R1_001	PRJEB22091	SAMEA104206021	ERX2148223	ERR2091429	ERA984054	Run_2017_8_8_12_24_2_run126	ftp.sra.ebi.ac.uk/vol1/fastq/ERR209/009/ERR2091429/ERR2091429_1.fastq.gz;ftp.sra.ebi.ac.uk/vol1/fastq/ERR209/009/ERR2091429/ERR2091429_2.fastq.gz	ftp.sra.ebi.ac.uk/vol1/err/ERR209/009/ERR2091429	64.0	R	R	R	8.0	S	S	S	0.015	S	S	S	0.06	S	S	S	1.0		S	S	2.0	I	R	I	4.0	S	R	I	0.015	S	S	S	32.0	R	R		0.5	S	S	S	0.25	S	S	S	0.03	S	S	S	4.0	S	S		8.0	S			2.0	S	S		0.25	S	S	S
DTU2017-805-PRJ1111-Escherischia-coli-528-16062144_S37_L001_R1_001	PRJEB22091	SAMEA104206022	ERX2148224	ERR2091430	ERA984054	Run_2017_8_8_12_24_2_run127	ftp.sra.ebi.ac.uk/vol1/fastq/ERR209/000/ERR2091430/ERR2091430_1.fastq.gz;ftp.sra.ebi.ac.uk/vol1/fastq/ERR209/000/ERR2091430/ERR2091430_2.fastq.gz	ftp.sra.ebi.ac.uk/vol1/err/ERR209/000/ERR2091430	64.0	R	R	R	8.0	S	S	S	0.015	S	S	S	0.125	S	S	S	1.0		S	S	8.0	R	R	R	4.0	S	R	I	0.06	S	S	S	64.0	R	R		0.5	S	S	S	0.25	S	S	S	0.03	S	S	S	4.0	S	S		16.0	S			2.0	S	S		0.25	S	S	S
