isolate_id	study_accession	sample_accession	experiment_accession	id	run_alias	AMP	AMP_clsi	AMP_ecoff	AMP_eucast	CHL	CHL_clsi	CHL_ecoff	CHL_eucast	CIP	CIP_clsi	CIP_ecoff	CIP_eucast	CPM	CPM_clsi	CPM_ecoff	CPM_eucast	CTX	CTX_clsi	CTX_ecoff	CTX_eucast	CTZ	CTZ_clsi	CTZ_ecoff	CTZ_eucast	ETP	ETP_clsi	ETP_ecoff	ETP_eucast	GEN	GEN_clsi	GEN_ecoff	GEN_eucast	IMP	IMP_clsi	IMP_ecoff	IMP_eucast	MER	MER_clsi	MER_ecoff	MER_eucast	NAL	NAL_clsi	NAL_ecoff	NAL_eucast	TET	TET_clsi	TET_ecoff	TET_eucast	TGC	TGC_clsi	TGC_ecoff	TGC_eucast
GC217	PRJNA616452	SAMN14490968	SRX8031710	SRR11454027	GC217_R1.fastq.gz																	1000000.0	R	R	R									0.0	S	S	S																	0.0		S	S
GC123	PRJNA616452	SAMN14490869	SRX8031919	SRR11454028	GC123_R1.fastq.gz	32	R	R	R	12	I	S	R					64	R	R	R	64	R	R	R	24	R	R	R	0.38	S	R	S	1	S	S	S									256	R	R		1	S	S					
GC435	PRJNA616452	SAMN14491111	SRX8031918	SRR11454029	GC435_R1.fastq.gz	32	R	R	R					4	R	R	R					32	R	R	R	16	R	R	R					16	R	R	R	0.5	S	S	S													0.5		S	S
GC434	PRJNA616452	SAMN14491110	SRX8031917	SRR11454030	GC434_R1.fastq.gz	32	R	R	R					4	R	R	R					64	R	R	R	16	R	R	R					1	S	S	S	0.25	S	S	S													0.5		S	S
GC432	PRJNA616452	SAMN14491109	SRX8031916	SRR11454031	GC432_R1.fastq.gz	32	R	R	R					4	R	R	R									4	S	R	I					1	S	S	S	0.25	S	S	S													0.5		S	S
GC430	PRJNA616452	SAMN14491108	SRX8031915	SRR11454032	GC430_R1.fastq.gz	32	R	R	R					4	R	R	R					64	R	R	R	16	R	R	R					1	S	S	S	0.25	S	S	S													0.5		S	S
GC43	PRJNA616452	SAMN14491107	SRX8031914	SRR11454033	GC43_R1.fastq.gz	32	R	R	R	24	I	R	R					24	R	R	R	64	R	R	R	4	S	R	I	0.064	S	S	S	1	S	S	S									256	R	R		16	R	R					
GC429	PRJNA616452	SAMN14491106	SRX8031913	SRR11454034	GC429_R1.fastq.gz	32	R	R	R													64	R	R	R									16	R	R	R	0.25	S	S	S													0.5		S	S
GC428	PRJNA616452	SAMN14491105	SRX8031912	SRR11454035	GC428_R1.fastq.gz	32	R	R	R					4	R	R	R					64	R	R	R									1	S	S	S	0.25	S	S	S													0.5		S	S
GC427	PRJNA616452	SAMN14491104	SRX8031911	SRR11454036	GC427_R1.fastq.gz	32	R	R	R					4	R	R	R					64	R	R	R	4	S	R	I					1	S	S	S	0.25	S	S	S													0.5		S	S
GC426	PRJNA616452	SAMN14491103	SRX8031910	SRR11454037	GC426_R1.fastq.gz	32	R	R	R					4	R	R	R																	1	S	S	S	0.25	S	S	S													0.5		S	S
GC425	PRJNA616452	SAMN14491102	SRX8031909	SRR11454038	GC425_R1.fastq.gz	32	R	R	R					4	R	R	R																	1	S	S	S	0.25	S	S	S													2		R	R
GC122	PRJNA616452	SAMN14490868	SRX8031908	SRR11454039	GC122_R1.fastq.gz	32	R	R	R	12	I	S	R					32	R	R	R	64	R	R	R					0.19	S	R	S	1	S	S	S									3	S	S		16	R	R					
GC424	PRJNA616452	SAMN14491101	SRX8031907	SRR11454040	GC424_R1.fastq.gz	32	R	R	R					4	R	R	R																	1	S	S	S	0.25	S	S	S													2		R	R
GC423	PRJNA616452	SAMN14491100	SRX8031906	SRR11454041	GC423_R1.fastq.gz	32	R	R	R													64	R	R	R	16	R	R	R					1	S	S	S	0.25	S	S	S													0.5		S	S
GC422	PRJNA616452	SAMN14491099	SRX8031905	SRR11454042	GC422_R1.fastq.gz	32	R	R	R					4	R	R	R																	1	S	S	S	0.25	S	S	S													0.5		S	S
GC421	PRJNA616452	SAMN14491098	SRX8031904	SRR11454043	GC421_R1.fastq.gz	32	R	R	R					4	R	R	R																	1	S	S	S	0.25	S	S	S													0.5		S	S
GC42	PRJNA616452	SAMN14491097	SRX8031903	SRR11454044	GC42_R1.fastq.gz	32	R	R	R	24	I	R	R	1	R	R	R	8	I	R	R	8	R	R	R					0.047	S	S	S	16	R	R	R									256	R	R		16	R	R					
GC418	PRJNA616452	SAMN14491096	SRX8031902	SRR11454045	GC418_R1.fastq.gz	32	R	R	R													16	R	R	R	2	S	R	I					1	S	S	S	0.25	S	S	S													0.5		S	S
GC415	PRJNA616452	SAMN14491095	SRX8031901	SRR11454046	GC415_R1.fastq.gz	32	R	R	R					4	R	R	R					8	R	R	R	4	S	R	I					16	R	R	R	0.25	S	S	S													0.5		S	S
GC414	PRJNA616452	SAMN14491094	SRX8031900	SRR11454047	GC414_R1.fastq.gz	32	R	R	R													64	R	R	R	4	S	R	I					1	S	S	S	0.25	S	S	S													0.5		S	S
GC413	PRJNA616452	SAMN14491093	SRX8031899	SRR11454048	GC413_R1.fastq.gz	32	R	R	R					4	R	R	R																	1	S	S	S	0.25	S	S	S													0.5		S	S
GC41	PRJNA616452	SAMN14491092	SRX8031898	SRR11454049	GC41_R1.fastq.gz									1000000.0	R	R	R																	1000000.0	R	R	R																	0.0		S	S
GC121	PRJNA616452	SAMN14490867	SRX8031897	SRR11454050	GC121_R1.fastq.gz	32	R	R	R	16	I	S	R	4	R	R	R	48	R	R	R	64	R	R	R	4	S	R	I	0.047	S	S	S	1	S	S	S									256	R	R		16	R	R					
GC40	PRJNA616452	SAMN14491091	SRX8031896	SRR11454051	GC40_R1.fastq.gz	32	R	R	R	24	I	R	R	4	R	R	R	32	R	R	R	64	R	R	R	32	R	R	R	0.064	S	S	S	1	S	S	S									256	R	R		16	R	R					
GC4	PRJNA616452	SAMN14491090	SRX8031895	SRR11454052	GC4_R1.fastq.gz	32	R	R	R	12	I	S	R	4	R	R	R	8	I	R	R	64	R	R	R	4	S	R	I	0.023	S	S	S	1	S	S	S									256	R	R		16	R	R					
GC39	PRJNA616452	SAMN14491089	SRX8031894	SRR11454053	GC39_R1.fastq.gz	32	R	R	R	256	R	R	R	4	R	R	R	8	I	R	R	16	R	R	R					0.047	S	S	S	1	S	S	S									256	R	R		16	R	R					
GC38	PRJNA616452	SAMN14491088	SRX8031893	SRR11454054	GC38_R1.fastq.gz	32	R	R	R	6	S	S	S					48	R	R	R	64	R	R	R	4	S	R	I	0.094	S	R	S	1	S	S	S									2	S	S		16	R	R					
GC37	PRJNA616452	SAMN14491087	SRX8031892	SRR11454055	GC37_R1.fastq.gz	32	R	R	R	16	I	S	R	4	R	R	R	32	R	R	R	64	R	R	R	16	R	R	R	0.094	S	R	S	1	S	S	S									256	R	R		16	R	R					
GC36	PRJNA616452	SAMN14491086	SRX8031891	SRR11454056	GC36_R1.fastq.gz	32	R	R	R	6	S	S	S					48	R	R	R	64	R	R	R	4	S	R	I	0.094	S	R	S	1	S	S	S									4	S	S		1	S	S					
GC35	PRJNA616452	SAMN14491085	SRX8031890	SRR11454057	GC35_R1.fastq.gz	32	R	R	R	12	I	S	R	4	R	R	R	16	R	R	R	64	R	R	R	16	R	R	R	0.032	S	S	S	16	R	R	R									256	R	R		16	R	R					
GC34	PRJNA616452	SAMN14491084	SRX8031889	SRR11454058	GC34_R1.fastq.gz	32	R	R	R	32	R	R	R					256	R	R	R	64	R	R	R	64	R	R	R	1.5	I	R	R	1	S	S	S									4	S	S		2	S	S					
GC33	PRJNA616452	SAMN14491083	SRX8031888	SRR11454059	GC33_R1.fastq.gz	32	R	R	R	256	R	R	R	4	R	R	R	16	R	R	R	64	R	R	R					0.047	S	S	S	1	S	S	S									256	R	R		16	R	R					
GC323	PRJNA616452	SAMN14491082	SRX8031887	SRR11454060	GC323_R1.fastq.gz	32	R	R	R					4	R	R	R	64	R	R	R	16	R	R	R	16	R	R	R	8	R	R	R	16	R	R	R	16	R	R	R	16	R	R	R									0.5		S	S
GC120	PRJNA616452	SAMN14490866	SRX8031886	SRR11454061	GC120_R1.fastq.gz	32	R	R	R	24	I	R	R					12	I	R	R	8	R	R	R					0.047	S	S	S	1	S	S	S									4	S	S		16	R	R					
GC322	PRJNA616452	SAMN14491081	SRX8031885	SRR11454062	GC322_R1.fastq.gz									8	R	R	R					64	R	R	R	64	R	R	R					16	R	R	R	0.25	S	S	S													0.5		S	S
GC320	PRJNA616452	SAMN14491080	SRX8031884	SRR11454063	GC320_R1.fastq.gz									16	R	R	R					64	R	R	R	16	R	R	R					16	R	R	R	0.25	S	S	S													0.5		S	S
GC32	PRJNA616452	SAMN14491079	SRX8031883	SRR11454064	GC32_R1.fastq.gz	32	R	R	R	256	R	R	R	4	R	R	R	48	R	R	R	64	R	R	R					0.125	S	R	S	1	S	S	S									256	R	R		16	R	R					
GC319	PRJNA616452	SAMN14491078	SRX8031882	SRR11454065	GC319_R1.fastq.gz																	64	R	R	R	16	R	R	R					1	S	S	S	0.25	S	S	S													0.5		S	S
GC318	PRJNA616452	SAMN14491077	SRX8031881	SRR11454066	GC318_R1.fastq.gz									16	R	R	R					64	R	R	R	16	R	R	R					16	R	R	R	0.25	S	S	S													0.5		S	S
GC317	PRJNA616452	SAMN14491076	SRX8031880	SRR11454067	GC317_R1.fastq.gz																	8	R	R	R									1	S	S	S	0.25	S	S	S													0.5		S	S
GC316	PRJNA616452	SAMN14491075	SRX8031879	SRR11454068	GC316_R1.fastq.gz									16	R	R	R					64	R	R	R	64	R	R	R					1	S	S	S	0.25	S	S	S													0.5		S	S
GC315	PRJNA616452	SAMN14491074	SRX8031878	SRR11454069	GC315_R1.fastq.gz																	64	R	R	R	4	S	R	I					1	S	S	S	0.25	S	S	S													0.5		S	S
GC314	PRJNA616452	SAMN14491073	SRX8031877	SRR11454070	GC314_R1.fastq.gz																	64	R	R	R	16	R	R	R					1	S	S	S	0.25	S	S	S													0.5		S	S
GC313	PRJNA616452	SAMN14491072	SRX8031876	SRR11454071	GC313_R1.fastq.gz																	64	R	R	R	4	S	R	I					1	S	S	S	0.25	S	S	S													0.5		S	S
GC12	PRJNA616452	SAMN14490865	SRX8031875	SRR11454072	GC12_R1.fastq.gz	32	R	R	R	24	I	R	R	4	R	R	R	48	R	R	R	64	R	R	R	4	S	R	I	0.125	S	R	S	16	R	R	R									256	R	R		16	R	R					
GC312	PRJNA616452	SAMN14491071	SRX8031874	SRR11454073	GC312_R1.fastq.gz																					2	S	R	I					1	S	S	S	0.25	S	S	S													0.5		S	S
GC311	PRJNA616452	SAMN14491070	SRX8031873	SRR11454074	GC311_R1.fastq.gz																	64	R	R	R	16	R	R	R					1	S	S	S	0.25	S	S	S													0.5		S	S
GC190	PRJNA616452	SAMN14490941	SRX8031872	SRR11454075	GC190_R1.fastq.gz									4	R	R	R					64	R	R	R	16	R	R	R					1	S	S	S	0.25	S	S	S													0.5		S	S
GC310	PRJNA616452	SAMN14491069	SRX8031850	SRR11454076	GC310_R1.fastq.gz																	64	R	R	R	4	S	R	I					1	S	S	S	0.25	S	S	S													0.5		S	S
GC19	PRJNA616452	SAMN14490940	SRX8031871	SRR11454077	GC19_R1.fastq.gz	32	R	R	R	256	R	R	R	4	R	R	R	32	R	R	R	64	R	R	R	4	S	R	I	0.064	S	S	S	1	S	S	S									256	R	R		16	R	R					
GC189	PRJNA616452	SAMN14490939	SRX8031870	SRR11454078	GC189_R1.fastq.gz																	8	R	R	R									1	S	S	S	0.25	S	S	S																
GC188	PRJNA616452	SAMN14490938	SRX8031869	SRR11454079	GC188_R1.fastq.gz									2	R	R	R					64	R	R	R	16	R	R	R					1	S	S	S	0.25	S	S	S													0.5		S	S
GC187	PRJNA616452	SAMN14490937	SRX8031868	SRR11454080	GC187_R1.fastq.gz																	64	R	R	R									1	S	S	S	0.25	S	S	S													0.5		S	S
GC186	PRJNA616452	SAMN14490936	SRX8031867	SRR11454081	GC186_R1.fastq.gz									4	R	R	R					16	R	R	R	16	R	R	R					1	S	S	S	0.25	S	S	S													0.5		S	S
GC185	PRJNA616452	SAMN14490935	SRX8031866	SRR11454082	GC185_R1.fastq.gz									4	R	R	R					64	R	R	R	16	R	R	R					16	R	R	R	0.25	S	S	S													0.5		S	S
GC184	PRJNA616452	SAMN14490934	SRX8031865	SRR11454083	GC184_R1.fastq.gz																					2	S	R	I					1	S	S	S	0.25	S	S	S													0.5		S	S
GC183	PRJNA616452	SAMN14490933	SRX8031864	SRR11454084	GC183_R1.fastq.gz																	64	R	R	R	4	S	R	I					16	R	R	R	0.25	S	S	S													0.5		S	S
GC182	PRJNA616452	SAMN14490932	SRX8031863	SRR11454085	GC182_R1.fastq.gz									4	R	R	R					64	R	R	R	16	R	R	R					16	R	R	R	0.25	S	S	S													0.5		S	S
GC107	PRJNA616452	SAMN14490851	SRX8031862	SRR11454086	GC107_R1.fastq.gz	32	R	R	R	12	I	S	R	4	R	R	R	64	R	R	R	64	R	R	R					0.25	S	R	S	16	R	R	R									256	R	R		16	R	R					
GC181	PRJNA616452	SAMN14490931	SRX8031861	SRR11454087	GC181_R1.fastq.gz																	64	R	R	R	16	R	R	R					1	S	S	S	0.25	S	S	S													0.5		S	S
GC180	PRJNA616452	SAMN14490930	SRX8031860	SRR11454088	GC180_R1.fastq.gz									4	R	R	R					64	R	R	R	16	R	R	R					16	R	R	R	0.5	S	S	S													0.5		S	S
GC18	PRJNA616452	SAMN14490929	SRX8031859	SRR11454089	GC18_R1.fastq.gz	32	R	R	R	16	I	S	R					32	R	R	R	64	R	R	R	16	R	R	R	0.064	S	S	S	1	S	S	S									6	S	S		16	R	R					
GC179	PRJNA616452	SAMN14490928	SRX8031858	SRR11454090	GC179_R1.fastq.gz									4	R	R	R					64	R	R	R	16	R	R	R					16	R	R	R	0.25	S	S	S													0.5		S	S
GC178	PRJNA616452	SAMN14490927	SRX8031857	SRR11454091	GC178_R1.fastq.gz									0.5	I	R	I					64	R	R	R	4	S	R	I					1	S	S	S	0.25	S	S	S													0.5		S	S
GC177	PRJNA616452	SAMN14490926	SRX8031856	SRR11454092	GC177_R1.fastq.gz									4	R	R	R					64	R	R	R	64	R	R	R					16	R	R	R	0.25	S	S	S													0.5		S	S
GC176	PRJNA616452	SAMN14490925	SRX8031855	SRR11454093	GC176_R1.fastq.gz									4	R	R	R					64	R	R	R	4	S	R	I					1	S	S	S	0.25	S	S	S													0.5		S	S
GC175	PRJNA616452	SAMN14490924	SRX8031854	SRR11454094	GC175_R1.fastq.gz									0.5	I	R	I					64	R	R	R	4	S	R	I					1	S	S	S	0.25	S	S	S																
GC174	PRJNA616452	SAMN14490923	SRX8031853	SRR11454095	GC174_R1.fastq.gz																	64	R	R	R									1	S	S	S	0.25	S	S	S													0.5		S	S
GC173	PRJNA616452	SAMN14490922	SRX8031852	SRR11454096	GC173_R1.fastq.gz									4	R	R	R					64	R	R	R	2	S	R	I					16	R	R	R	0.25	S	S	S													0.5		S	S
GC106	PRJNA616452	SAMN14490850	SRX8031851	SRR11454097	GC106_R1.fastq.gz	32	R	R	R	256	R	R	R	2	R	R	R	128	R	R	R	64	R	R	R	16	R	R	R	0.38	S	R	S	16	R	R	R									256	R	R		16	R	R					
GC171	PRJNA616452	SAMN14490921	SRX8031822	SRR11454098	GC171_R1.fastq.gz									4	R	R	R					64	R	R	R									16	R	R	R	0.25	S	S	S													0.5		S	S
GC31	PRJNA616452	SAMN14491068	SRX8031849	SRR11454099	GC31_R1.fastq.gz	32	R	R	R	12	I	S	R	4	R	R	R	64	R	R	R	64	R	R	R	16	R	R	R	0.25	S	R	S	16	R	R	R									256	R	R		16	R	R					
GC309	PRJNA616452	SAMN14491067	SRX8031848	SRR11454100	GC309_R1.fastq.gz																	64	R	R	R									1	S	S	S	0.25	S	S	S													0.5		S	S
GC308	PRJNA616452	SAMN14491066	SRX8031847	SRR11454101	GC308_R1.fastq.gz																	64	R	R	R	8	I	R	R					1	S	S	S	0.25	S	S	S													0.5		S	S
GC307	PRJNA616452	SAMN14491065	SRX8031846	SRR11454102	GC307_R1.fastq.gz									1000000.0	R	R	R					1000000.0	R	R	R									1000000.0	R	R	R																	0.0		S	S
GC306	PRJNA616452	SAMN14491064	SRX8031845	SRR11454103	GC306_R1.fastq.gz																	64	R	R	R	16	R	R	R					1	S	S	S	0.25	S	S	S													0.5		S	S
GC305	PRJNA616452	SAMN14491063	SRX8031844	SRR11454104	GC305_R1.fastq.gz																	64	R	R	R	4	S	R	I					1	S	S	S	0.25	S	S	S													0.5		S	S
GC304	PRJNA616452	SAMN14491062	SRX8031843	SRR11454105	GC304_R1.fastq.gz									1000000.0	R	R	R					1000000.0	R	R	R									0.0	S	S	S																	0.0		S	S
GC119	PRJNA616452	SAMN14490864	SRX8031842	SRR11454106	GC119_R1.fastq.gz	32	R	R	R	24	I	R	R	4	R	R	R	16	R	R	R	64	R	R	R	16	R	R	R	0.047	S	S	S	1	S	S	S									256	R	R		16	R	R					
GC303	PRJNA616452	SAMN14491061	SRX8031841	SRR11454107	GC303_R1.fastq.gz																													1	S	S	S	0.25	S	S	S													0.5		S	S
GC302	PRJNA616452	SAMN14491060	SRX8031840	SRR11454108	GC302_R1.fastq.gz																	1000000.0	R	R	R	1000000.0	R	R	R																									0.0		S	S
GC300	PRJNA616452	SAMN14491059	SRX8031839	SRR11454109	GC300_R1.fastq.gz																	64	R	R	R									1	S	S	S	0.25	S	S	S													0.5		S	S
GC30	PRJNA616452	SAMN14491058	SRX8031838	SRR11454110	GC30_R1.fastq.gz	32	R	R	R	16	I	S	R	4	R	R	R	12	I	R	R	64	R	R	R	4	S	R	I	0.064	S	S	S	16	R	R	R									256	R	R		1	S	S					
GC3	PRJNA616452	SAMN14491057	SRX8031837	SRR11454111	GC3_R1.fastq.gz	32	R	R	R	24	I	R	R					16	R	R	R	64	R	R	R					0.094	S	R	S	1	S	S	S									4	S	S		1	S	S					
GC299	PRJNA616452	SAMN14491056	SRX8031836	SRR11454112	GC299_R1.fastq.gz																	64	R	R	R	4	S	R	I					1	S	S	S	0.25	S	S	S													0.5		S	S
GC298	PRJNA616452	SAMN14491055	SRX8031835	SRR11454113	GC298_R1.fastq.gz																	64	R	R	R	16	R	R	R					1	S	S	S	0.25	S	S	S													0.5		S	S
GC297	PRJNA616452	SAMN14491054	SRX8031834	SRR11454114	GC297_R1.fastq.gz																	8	R	R	R	64	R	R	R					1	S	S	S	0.25	S	S	S													0.5		S	S
GC296	PRJNA616452	SAMN14491053	SRX8031833	SRR11454115	GC296_R1.fastq.gz									8	R	R	R					64	R	R	R	4	S	R	I					16	R	R	R	0.25	S	S	S													0.5		S	S
GC295	PRJNA616452	SAMN14491052	SRX8031832	SRR11454116	GC295_R1.fastq.gz																	8	R	R	R									1	S	S	S	0.25	S	S	S													1		R	R
GC118	PRJNA616452	SAMN14490863	SRX8031831	SRR11454117	GC118_R1.fastq.gz	32	R	R	R	24	I	R	R	4	R	R	R	256	R	R	R	64	R	R	R	16	R	R	R	0.032	S	S	S	16	R	R	R									256	R	R		16	R	R					
GC294	PRJNA616452	SAMN14491051	SRX8031830	SRR11454118	GC294_R1.fastq.gz									1000000.0	R	R	R					1000000.0	R	R	R									0.0	S	S	S																				
GC293	PRJNA616452	SAMN14491050	SRX8031829	SRR11454119	GC293_R1.fastq.gz																	64	R	R	R	4	S	R	I					1	S	S	S	0.25	S	S	S													0.5		S	S
GC292	PRJNA616452	SAMN14491049	SRX8031828	SRR11454120	GC292_R1.fastq.gz									16	R	R	R																	16	R	R	R	0.25	S	S	S													0.5		S	S
GC291	PRJNA616452	SAMN14491048	SRX8031827	SRR11454121	GC291_R1.fastq.gz																	1000000.0	R	R	R									0.0	S	S	S																	0.0		S	S
GC290	PRJNA616452	SAMN14491047	SRX8031826	SRR11454122	GC290_R1.fastq.gz									8	R	R	R					4	R	R	R									16	R	R	R	0.25	S	S	S													0.5		S	S
GC29	PRJNA616452	SAMN14491046	SRX8031825	SRR11454123	GC29_R1.fastq.gz	32	R	R	R	12	I	S	R	4	R	R	R	64	R	R	R	64	R	R	R	16	R	R	R	0.094	S	R	S	16	R	R	R									256	R	R		16	R	R					
GC289	PRJNA616452	SAMN14491045	SRX8031824	SRR11454124	GC289_R1.fastq.gz									1000000.0	R	R	R					1000000.0	R	R	R									0.0	S	S	S																	0.0		S	S
GC288	PRJNA616452	SAMN14491044	SRX8031823	SRR11454125	GC288_R1.fastq.gz									1000000.0	R	R	R					1000000.0	R	R	R	1000000.0	R	R	R					1000000.0	R	R	R																	0.0		S	S
GC287	PRJNA616452	SAMN14491043	SRX8031794	SRR11454126	GC287_R1.fastq.gz									1000000.0	R	R	R					1000000.0	R	R	R	1000000.0	R	R	R					0.0	S	S	S																	0.0		S	S
GC170	PRJNA616452	SAMN14490920	SRX8031821	SRR11454127	GC170_R1.fastq.gz																	64	R	R	R									1	S	S	S	0.25	S	S	S													0.5		S	S
GC17	PRJNA616452	SAMN14490919	SRX8031820	SRR11454128	GC17_R1.fastq.gz	32	R	R	R	16	I	S	R	0.5	I	R	I	16	R	R	R	32	R	R	R	16	R	R	R	0.047	S	S	S	1	S	S	S									256	R	R		16	R	R					
GC169	PRJNA616452	SAMN14490918	SRX8031819	SRR11454129	GC169_R1.fastq.gz									0.5	I	R	I					64	R	R	R	64	R	R	R					1	S	S	S	0.25	S	S	S													0.5		S	S
GC168	PRJNA616452	SAMN14490917	SRX8031818	SRR11454130	GC168_R1.fastq.gz									4	R	R	R					64	R	R	R	16	R	R	R					16	R	R	R	0.25	S	S	S													0.5		S	S
GC167	PRJNA616452	SAMN14490916	SRX8031817	SRR11454131	GC167_R1.fastq.gz									0.5	I	R	I					64	R	R	R	2	S	R	I					1	S	S	S	0.25	S	S	S													0.5		S	S
GC166	PRJNA616452	SAMN14490915	SRX8031816	SRR11454132	GC166_R1.fastq.gz									4	R	R	R					64	R	R	R									1	S	S	S	0.25	S	S	S													0.5		S	S
GC165	PRJNA616452	SAMN14490914	SRX8031815	SRR11454133	GC165_R1.fastq.gz																	64	R	R	R									1	S	S	S	0.25	S	S	S													0.5		S	S
GC164	PRJNA616452	SAMN14490913	SRX8031814	SRR11454134	GC164_R1.fastq.gz									4	R	R	R					64	R	R	R	16	R	R	R					1	S	S	S	0.25	S	S	S													0.5		S	S
GC163	PRJNA616452	SAMN14490912	SRX8031813	SRR11454135	GC163_R1.fastq.gz									4	R	R	R					64	R	R	R	16	R	R	R					1	S	S	S	0.25	S	S	S													0.5		S	S
GC105	PRJNA616452	SAMN14490849	SRX8031812	SRR11454136	GC105_R1.fastq.gz	32	R	R	R	12	I	S	R	4	R	R	R	48	R	R	R	64	R	R	R	4	S	R	I	0.094	S	R	S	1	S	S	S									256	R	R		16	R	R					
GC162	PRJNA616452	SAMN14490911	SRX8031811	SRR11454137	GC162_R1.fastq.gz																	64	R	R	R									1	S	S	S	0.25	S	S	S													0.5		S	S
GC161	PRJNA616452	SAMN14490910	SRX8031810	SRR11454138	GC161_R1.fastq.gz									4	R	R	R					64	R	R	R	16	R	R	R					1	S	S	S	0.25	S	S	S													0.5		S	S
GC160	PRJNA616452	SAMN14490909	SRX8031809	SRR11454139	GC160_R1.fastq.gz									4	R	R	R					64	R	R	R	4	S	R	I					16	R	R	R	0.25	S	S	S													0.5		S	S
GC16	PRJNA616452	SAMN14490908	SRX8031808	SRR11454140	GC16_R1.fastq.gz	32	R	R	R	16	I	S	R	4	R	R	R	128	R	R	R	64	R	R	R	16	R	R	R	0.064	S	S	S	2	S	S	S									256	R	R		16	R	R					
GC159	PRJNA616452	SAMN14490907	SRX8031807	SRR11454141	GC159_R1.fastq.gz									4	R	R	R					64	R	R	R	4	S	R	I					1	S	S	S	0.25	S	S	S													0.5		S	S
GC158	PRJNA616452	SAMN14490906	SRX8031806	SRR11454142	GC158_R1.fastq.gz																	64	R	R	R	4	S	R	I					1	S	S	S	0.25	S	S	S													0.5		S	S
GC157	PRJNA616452	SAMN14490905	SRX8031805	SRR11454143	GC157_R1.fastq.gz																	4	R	R	R									1	S	S	S	0.25	S	S	S													0.5		S	S
GC156	PRJNA616452	SAMN14490904	SRX8031804	SRR11454144	GC156_R1.fastq.gz																	1000000.0	R	R	R									1000000.0	R	R	R																	0.0		S	S
GC155	PRJNA616452	SAMN14490903	SRX8031803	SRR11454145	GC155_R1.fastq.gz									4	R	R	R					64	R	R	R	16	R	R	R					1	S	S	S	0.25	S	S	S													0.5		S	S
GC154	PRJNA616452	SAMN14490902	SRX8031802	SRR11454146	GC154_R1.fastq.gz									4	R	R	R					64	R	R	R	16	R	R	R					16	R	R	R	0.25	S	S	S													0.5		S	S
GC104	PRJNA616452	SAMN14490848	SRX8031801	SRR11454147	GC104_R1.fastq.gz	32	R	R	R	46	R	R	R	4	R	R	R	48	R	R	R	64	R	R	R	16	R	R	R	0.047	S	S	S	16	R	R	R									256	R	R		16	R	R					
GC153	PRJNA616452	SAMN14490901	SRX8031800	SRR11454148	GC153_R1.fastq.gz									4	R	R	R					64	R	R	R	4	S	R	I					1	S	S	S	0.25	S	S	S													0.5		S	S
GC152	PRJNA616452	SAMN14490900	SRX8031799	SRR11454149	GC152_R1.fastq.gz									0.5	I	R	I					8	R	R	R									16	R	R	R	0.25	S	S	S													0.5		S	S
GC151	PRJNA616452	SAMN14490899	SRX8031798	SRR11454150	GC151_R1.fastq.gz									4	R	R	R					64	R	R	R	16	R	R	R					16	R	R	R	0.25	S	S	S													0.5		S	S
GC150	PRJNA616452	SAMN14490898	SRX8031797	SRR11454151	GC150_R1.fastq.gz									4	R	R	R					64	R	R	R	16	R	R	R					1	S	S	S	0.25	S	S	S													0.5		S	S
GC15	PRJNA616452	SAMN14490897	SRX8031796	SRR11454152	GC15_R1.fastq.gz	32	R	R	R	16	I	S	R					48	R	R	R	64	R	R	R	16	R	R	R	0.094	S	R	S	16	R	R	R									8	S	S		16	R	R					
GC149	PRJNA616452	SAMN14490896	SRX8031795	SRR11454153	GC149_R1.fastq.gz																	8	R	R	R	16	R	R	R					1	S	S	S	0.25	S	S	S													0.5		S	S
GC148	PRJNA616452	SAMN14490895	SRX8031738	SRR11454154	GC148_R1.fastq.gz																	64	R	R	R									1	S	S	S	0.25	S	S	S													0.5		S	S
GC286	PRJNA616452	SAMN14491042	SRX8031793	SRR11454155	GC286_R1.fastq.gz									1000000.0	R	R	R					1000000.0	R	R	R									0.0	S	S	S																	0.0		S	S
GC117	PRJNA616452	SAMN14490862	SRX8031792	SRR11454156	GC117_R1.fastq.gz	32	R	R	R	16	I	S	R	4	R	R	R	24	R	R	R	64	R	R	R	64	R	R	R	2	R	R	R	16	R	R	R									256	R	R		16	R	R					
GC100	PRJNA616452	SAMN14490844	SRX8031791	SRR11454157	GC100_R1.fastq.gz	32	R	R	R	12	I	S	R	4	R	R	R	16	R	R	R	64	R	R	R	16	R	R	R	0.125	S	R	S	1	S	S	S									256	R	R		16	R	R					
GC285	PRJNA616452	SAMN14491041	SRX8031790	SRR11454158	GC285_R1.fastq.gz									1000000.0	R	R	R					1000000.0	R	R	R	1000000.0	R	R	R					1000000.0	R	R	R																	0.0		S	S
GC284	PRJNA616452	SAMN14491040	SRX8031789	SRR11454159	GC284_R1.fastq.gz																	1000000.0	R	R	R									0.0	S	S	S																	0.0		S	S
GC283	PRJNA616452	SAMN14491039	SRX8031788	SRR11454160	GC283_R1.fastq.gz									1000000.0	R	R	R					1000000.0	R	R	R									0.0	S	S	S																	0.0		S	S
GC281	PRJNA616452	SAMN14491038	SRX8031787	SRR11454161	GC281_R1.fastq.gz																	64	R	R	R	16	R	R	R					1	S	S	S	0.25	S	S	S													0.5		S	S
GC280	PRJNA616452	SAMN14491037	SRX8031786	SRR11454162	GC280_R1.fastq.gz									1000000.0	R	R	R					1000000.0	R	R	R									0.0	S	S	S																	0.0		S	S
GC28	PRJNA616452	SAMN14491036	SRX8031785	SRR11454163	GC28_R1.fastq.gz	32	R	R	R	6	S	S	S	4	R	R	R	96	R	R	R	64	R	R	R	8	I	R	R	0.75	I	R	R	1	S	S	S									256	R	R		16	R	R					
GC279	PRJNA616452	SAMN14491035	SRX8031784	SRR11454164	GC279_R1.fastq.gz									1000000.0	R	R	R					1000000.0	R	R	R									0.0	S	S	S																	0.0		S	S
GC278	PRJNA616452	SAMN14491034	SRX8031783	SRR11454165	GC278_R1.fastq.gz									1000000.0	R	R	R					1000000.0	R	R	R									0.0	S	S	S																	0.0		S	S
GC277	PRJNA616452	SAMN14491033	SRX8031782	SRR11454166	GC277_R1.fastq.gz									1000000.0	R	R	R					1000000.0	R	R	R	1000000.0	R	R	R					0.0	S	S	S																	0.0		S	S
GC276	PRJNA616452	SAMN14491032	SRX8031781	SRR11454167	GC276_R1.fastq.gz																	1000000.0	R	R	R	1000000.0	R	R	R					1000000.0	R	R	R																	0.0		S	S
GC116	PRJNA616452	SAMN14490861	SRX8031780	SRR11454168	GC116_R1.fastq.gz	32	R	R	R	256	R	R	R	4	R	R	R	24	R	R	R	64	R	R	R	16	R	R	R	0.047	S	S	S	16	R	R	R									256	R	R		16	R	R					
GC275	PRJNA616452	SAMN14491031	SRX8031779	SRR11454169	GC275_R1.fastq.gz																					4	S	R	I					1	S	S	S	0.25	S	S	S													0.5		S	S
GC274	PRJNA616452	SAMN14491030	SRX8031778	SRR11454170	GC274_R1.fastq.gz																	1000000.0	R	R	R									1000000.0	R	R	R																	0.0		S	S
GC273	PRJNA616452	SAMN14491029	SRX8031777	SRR11454171	GC273_R1.fastq.gz									1000000.0	R	R	R																	1000000.0	R	R	R																	0.0		S	S
GC272	PRJNA616452	SAMN14491028	SRX8031776	SRR11454172	GC272_R1.fastq.gz																	1000000.0	R	R	R	1000000.0	R	R	R					0.0	S	S	S																	0.0		S	S
GC271	PRJNA616452	SAMN14491027	SRX8031775	SRR11454173	GC271_R1.fastq.gz																	1000000.0	R	R	R	1000000.0	R	R	R					0.0	S	S	S																	0.0		S	S
GC270	PRJNA616452	SAMN14491026	SRX8031774	SRR11454174	GC270_R1.fastq.gz									1000000.0	R	R	R																	0.0	S	S	S																	0.0		S	S
GC27	PRJNA616452	SAMN14491025	SRX8031773	SRR11454175	GC27_R1.fastq.gz	32	R	R	R	12	I	S	R					16	R	R	R	64	R	R	R	4	S	R	I	0.094	S	R	S	1	S	S	S									6	S	S		16	R	R					
GC269	PRJNA616452	SAMN14491024	SRX8031772	SRR11454176	GC269_R1.fastq.gz									1000000.0	R	R	R					1000000.0	R	R	R									0.0	S	S	S																	0.0		S	S
GC268	PRJNA616452	SAMN14491023	SRX8031771	SRR11454177	GC268_R1.fastq.gz									1000000.0	R	R	R					1000000.0	R	R	R	1000000.0	R	R	R					0.0	S	S	S																	0.0		S	S
GC267	PRJNA616452	SAMN14491022	SRX8031770	SRR11454178	GC267_R1.fastq.gz									1000000.0	R	R	R					1000000.0	R	R	R									1000000.0	R	R	R																	0.0		S	S
GC115	PRJNA616452	SAMN14490860	SRX8031769	SRR11454179	GC115_R1.fastq.gz	32	R	R	R	256	R	R	R	4	R	R	R	16	R	R	R	32	R	R	R	4	S	R	I	0.047	S	S	S	1	S	S	S									256	R	R		16	R	R					
GC266	PRJNA616452	SAMN14491021	SRX8031768	SRR11454180	GC266_R1.fastq.gz									8	R	R	R					64	R	R	R	16	R	R	R					16	R	R	R	0.25	S	S	S													0.5		S	S
GC265	PRJNA616452	SAMN14491020	SRX8031767	SRR11454181	GC265_R1.fastq.gz									1000000.0	R	R	R					1000000.0	R	R	R	1000000.0	R	R	R					0.0	S	S	S																	0.0		S	S
GC264	PRJNA616452	SAMN14491019	SRX8031766	SRR11454182	GC264_R1.fastq.gz									1000000.0	R	R	R					1000000.0	R	R	R	1000000.0	R	R	R					1000000.0	R	R	R																	0.0		S	S
GC263	PRJNA616452	SAMN14491018	SRX8031765	SRR11454183	GC263_R1.fastq.gz																	1000000.0	R	R	R									0.0	S	S	S																	0.0		S	S
GC262	PRJNA616452	SAMN14491017	SRX8031764	SRR11454184	GC262_R1.fastq.gz									1000000.0	R	R	R					1000000.0	R	R	R									0.0	S	S	S																	0.0		S	S
GC261	PRJNA616452	SAMN14491016	SRX8031763	SRR11454185	GC261_R1.fastq.gz									1000000.0	R	R	R					1000000.0	R	R	R									0.0	S	S	S																	0.0		S	S
GC260	PRJNA616452	SAMN14491015	SRX8031762	SRR11454186	GC260_R1.fastq.gz									1000000.0	R	R	R					1000000.0	R	R	R									0.0	S	S	S																	0.0		S	S
GC26	PRJNA616452	SAMN14491014	SRX8031761	SRR11454187	GC26_R1.fastq.gz	32	R	R	R	12	I	S	R	4	R	R	R	64	R	R	R	64	R	R	R	16	R	R	R	0.094	S	R	S	16	R	R	R									256	R	R		16	R	R					
GC259	PRJNA616452	SAMN14491013	SRX8031760	SRR11454188	GC259_R1.fastq.gz									1000000.0	R	R	R					1000000.0	R	R	R	1000000.0	R	R	R					0.0	S	S	S																	0.0		S	S
GC258	PRJNA616452	SAMN14491012	SRX8031759	SRR11454189	GC258_R1.fastq.gz																																																				
GC114	PRJNA616452	SAMN14490859	SRX8031758	SRR11454190	GC114_R1.fastq.gz	32	R	R	R	256	R	R	R	4	R	R	R	12	I	R	R	8	R	R	R					0.032	S	S	S	1	S	S	S									256	R	R		16	R	R					
GC257	PRJNA616452	SAMN14491011	SRX8031757	SRR11454191	GC257_R1.fastq.gz									4	R	R	R					64	R	R	R	64	R	R	R	2	R	R	R	1	S	S	S	0.25	S	S	S																
GC256	PRJNA616452	SAMN14491010	SRX8031756	SRR11454192	GC256_R1.fastq.gz									1	R	R	R					64	R	R	R									1	S	S	S	0.25	S	S	S																
GC255	PRJNA616452	SAMN14491009	SRX8031755	SRR11454193	GC255_R1.fastq.gz									4	R	R	R					64	R	R	R	64	R	R	R	4	R	R	R	1	S	S	S	0.25	S	S	S																
GC254	PRJNA616452	SAMN14491008	SRX8031754	SRR11454194	GC254_R1.fastq.gz									2	R	R	R					64	R	R	R	4	S	R	I					1	S	S	S	0.25	S	S	S																
GC253	PRJNA616452	SAMN14491007	SRX8031753	SRR11454195	GC253_R1.fastq.gz									4	R	R	R					64	R	R	R	2	S	R	I					16	R	R	R	0.25	S	S	S																
GC252	PRJNA616452	SAMN14491006	SRX8031752	SRR11454196	GC252_R1.fastq.gz									4	R	R	R					64	R	R	R	16	R	R	R					1	S	S	S	0.25	S	S	S																
GC251	PRJNA616452	SAMN14491005	SRX8031751	SRR11454197	GC251_R1.fastq.gz									4	R	R	R					64	R	R	R	16	R	R	R					1	S	S	S	0.25	S	S	S																
GC250	PRJNA616452	SAMN14491004	SRX8031750	SRR11454198	GC250_R1.fastq.gz																	8	R	R	R									1	S	S	S	0.25	S	S	S																
GC25	PRJNA616452	SAMN14491003	SRX8031749	SRR11454199	GC25_R1.fastq.gz	32	R	R	R	16	I	S	R	4	R	R	R	256	R	R	R	64	R	R	R	64	R	R	R	0.5	S	R	S	16	R	R	R									256	R	R		16	R	R					
GC248	PRJNA616452	SAMN14491002	SRX8031748	SRR11454200	GC248_R1.fastq.gz									4	R	R	R					64	R	R	R	16	R	R	R					1	S	S	S	0.25	S	S	S																
GC113	PRJNA616452	SAMN14490858	SRX8031747	SRR11454201	GC113_R1.fastq.gz	32	R	R	R	256	R	R	R	4	R	R	R	16	R	R	R	64	R	R	R	4	S	R	I	0.125	S	R	S	16	R	R	R									256	R	R		16	R	R					
GC247	PRJNA616452	SAMN14491001	SRX8031746	SRR11454202	GC247_R1.fastq.gz									4	R	R	R					64	R	R	R									1	S	S	S	0.25	S	S	S																
GC246	PRJNA616452	SAMN14491000	SRX8031745	SRR11454203	GC246_R1.fastq.gz																	64	R	R	R	16	R	R	R					1	S	S	S	0.25	S	S	S																
GC245	PRJNA616452	SAMN14490999	SRX8031744	SRR11454204	GC245_R1.fastq.gz									1	R	R	R					4	R	R	R	16	R	R	R					16	R	R	R	0.25	S	S	S																
GC244	PRJNA616452	SAMN14490998	SRX8031743	SRR11454205	GC244_R1.fastq.gz									0.5	I	R	I					64	R	R	R	16	R	R	R					16	R	R	R	0.25	S	S	S																
GC243	PRJNA616452	SAMN14490997	SRX8031742	SRR11454206	GC243_R1.fastq.gz																	64	R	R	R	4	S	R	I					1	S	S	S	0.25	S	S	S																
GC242	PRJNA616452	SAMN14490996	SRX8031741	SRR11454207	GC242_R1.fastq.gz																	64	R	R	R									1	S	S	S	0.25	S	S	S																
GC241	PRJNA616452	SAMN14490995	SRX8031740	SRR11454208	GC241_R1.fastq.gz									0.5	I	R	I					64	R	R	R	16	R	R	R					16	R	R	R	0.25	S	S	S																
GC240	PRJNA616452	SAMN14490994	SRX8031739	SRR11454209	GC240_R1.fastq.gz									4	R	R	R					64	R	R	R	4	S	R	I					1	S	S	S	0.25	S	S	S																
GC24	PRJNA616452	SAMN14490993	SRX8031650	SRR11454210	GC24_R1.fastq.gz	32	R	R	R	24	I	R	R	4	R	R	R	32	R	R	R	64	R	R	R	16	R	R	R	0.094	S	R	S	16	R	R	R									256	R	R		16	R	R					
GC147	PRJNA616452	SAMN14490894	SRX8031737	SRR11454211	GC147_R1.fastq.gz																	16	R	R	R	2	S	R	I					1	S	S	S	0.25	S	S	S													0.5		S	S
GC146	PRJNA616452	SAMN14490893	SRX8031736	SRR11454212	GC146_R1.fastq.gz									4	R	R	R					64	R	R	R	16	R	R	R					1	S	S	S	0.25	S	S	S													0.5		S	S
GC145	PRJNA616452	SAMN14490892	SRX8031735	SRR11454213	GC145_R1.fastq.gz																	8	R	R	R									1	S	S	S	0.25	S	S	S													0.5		S	S
GC103	PRJNA616452	SAMN14490847	SRX8031734	SRR11454214	GC103_R1.fastq.gz	32	R	R	R	256	R	R	R	4	R	R	R	32	R	R	R	64	R	R	R	4	S	R	I	0.094	S	R	S	16	R	R	R									256	R	R		16	R	R					
GC144	PRJNA616452	SAMN14490891	SRX8031733	SRR11454215	GC144_R1.fastq.gz									4	R	R	R					64	R	R	R	16	R	R	R					1	S	S	S	0.25	S	S	S													0.5		S	S
GC143	PRJNA616452	SAMN14490890	SRX8031732	SRR11454216	GC143_R1.fastq.gz																	8	R	R	R									1	S	S	S	0.25	S	S	S													0.5		S	S
GC142	PRJNA616452	SAMN14490889	SRX8031731	SRR11454217	GC142_R1.fastq.gz	1000000.0	R	R	R					1000000.0	R	R	R	1000000.0	R	R	R	1000000.0	R	R	R	1000000.0	R	R	R					0.0	S	S	S																				
GC140	PRJNA616452	SAMN14490888	SRX8031730	SRR11454218	GC140_R1.fastq.gz									4	R	R	R					64	R	R	R	16	R	R	R					16	R	R	R	0.25	S	S	S													0.5		S	S
GC14	PRJNA616452	SAMN14490887	SRX8031729	SRR11454219	GC14_R1.fastq.gz	32	R	R	R	32	R	R	R	4	R	R	R	48	R	R	R	64	R	R	R	16	R	R	R	0.094	S	R	S	16	R	R	R									256	R	R		16	R	R					
GC139	PRJNA616452	SAMN14490886	SRX8031728	SRR11454220	GC139_R1.fastq.gz									4	R	R	R					64	R	R	R	4	S	R	I					1	S	S	S	0.25	S	S	S													0.5		S	S
GC138	PRJNA616452	SAMN14490885	SRX8031727	SRR11454221	GC138_R1.fastq.gz									4	R	R	R					64	R	R	R	4	S	R	I					1	S	S	S	0.25	S	S	S													2		R	R
GC137	PRJNA616452	SAMN14490884	SRX8031726	SRR11454222	GC137_R1.fastq.gz																	64	R	R	R	16	R	R	R					1	S	S	S	0.25	S	S	S													0.5		S	S
GC136	PRJNA616452	SAMN14490883	SRX8031725	SRR11454223	GC136_R1.fastq.gz									4	R	R	R					64	R	R	R	8	I	R	R					1	S	S	S	0.25	S	S	S													0.5		S	S
GC135	PRJNA616452	SAMN14490882	SRX8031724	SRR11454224	GC135_R1.fastq.gz									4	R	R	R					64	R	R	R	4	S	R	I					16	R	R	R	0.25	S	S	S													0.5		S	S
GC102	PRJNA616452	SAMN14490846	SRX8031723	SRR11454225	GC102_R1.fastq.gz	32	R	R	R	24	I	R	R	4	R	R	R	48	R	R	R	64	R	R	R	16	R	R	R	0.047	S	S	S	1	S	S	S									256	R	R		1	S	S					
GC134	PRJNA616452	SAMN14490881	SRX8031722	SRR11454226	GC134_R1.fastq.gz									4	R	R	R					64	R	R	R	4	S	R	I					16	R	R	R	0.25	S	S	S													0.5		S	S
GC99	PRJNA616452	SAMN14491231	SRX8031721	SRR11454227	GC99_R1.fastq.gz	32	R	R	R	256	R	R	R	4	R	R	R	16	R	R	R	64	R	R	R	4	S	R	I	0.064	S	S	S	8	I	R	R									256	R	R		16	R	R					
GC98	PRJNA616452	SAMN14491230	SRX8031720	SRR11454228	GC98_R1.fastq.gz	32	R	R	R	32	R	R	R					12	I	R	R	8	R	R	R					0.032	S	S	S	1	S	S	S									8	S	S		1	S	S					
GC97	PRJNA616452	SAMN14491229	SRX8031719	SRR11454229	GC97_R1.fastq.gz	32	R	R	R	256	R	R	R					12	I	R	R	64	R	R	R	16	R	R	R	0.094	S	R	S	16	R	R	R									256	R	R		16	R	R					
GC96	PRJNA616452	SAMN14491228	SRX8031718	SRR11454230	GC96_R1.fastq.gz	32	R	R	R	256	R	R	R					16	R	R	R	64	R	R	R	16	R	R	R	0.047	S	S	S	16	R	R	R									256	R	R		16	R	R					
GC95	PRJNA616452	SAMN14491227	SRX8031717	SRR11454231	GC95_R1.fastq.gz	32	R	R	R	256	R	R	R					12	I	R	R	8	R	R	R	2	S	R	I	0.064	S	S	S	16	R	R	R									4	S	S		16	R	R					
GC94	PRJNA616452	SAMN14491226	SRX8031716	SRR11454232	GC94_R1.fastq.gz	32	R	R	R	24	I	R	R	4	R	R	R	16	R	R	R	64	R	R	R	16	R	R	R	0.047	S	S	S	16	R	R	R									256	R	R		16	R	R					
GC93	PRJNA616452	SAMN14491225	SRX8031715	SRR11454233	GC93_R1.fastq.gz	32	R	R	R	256	R	R	R	4	R	R	R	8	I	R	R	8	R	R	R					0.047	S	S	S	1	S	S	S									256	R	R		16	R	R					
GC92	PRJNA616452	SAMN14491224	SRX8031714	SRR11454234	GC92_R1.fastq.gz	32	R	R	R	16	I	S	R	4	R	R	R	12	I	R	R	64	R	R	R	16	R	R	R	0.047	S	S	S	1	S	S	S									256	R	R		1	S	S					
GC91	PRJNA616452	SAMN14491223	SRX8031713	SRR11454235	GC91_R1.fastq.gz	32	R	R	R	256	R	R	R	4	R	R	R	24	R	R	R	64	R	R	R	16	R	R	R	0.125	S	R	S	16	R	R	R									256	R	R		16	R	R					
GC90	PRJNA616452	SAMN14491222	SRX8031712	SRR11454236	GC90_R1.fastq.gz	32	R	R	R	12	I	S	R					12	I	R	R	8	R	R	R					0.064	S	S	S	16	R	R	R									4	S	S		1	S	S					
GC133	PRJNA616452	SAMN14490880	SRX8031711	SRR11454237	GC133_R1.fastq.gz									4	R	R	R					64	R	R	R	16	R	R	R					1	S	S	S	0.25	S	S	S													0.5		S	S
GC9	PRJNA616452	SAMN14491221	SRX8031682	SRR11454238	GC9_R1.fastq.gz	32	R	R	R	12	I	S	R	4	R	R	R	32	R	R	R	64	R	R	R	64	R	R	R	0.064	S	S	S	16	R	R	R									256	R	R		16	R	R					
GC216	PRJNA616452	SAMN14490967	SRX8031709	SRR11454239	GC216_R1.fastq.gz									4	R	R	R					64	R	R	R									1	S	S	S	0.25	S	S	S																
GC215	PRJNA616452	SAMN14490966	SRX8031708	SRR11454240	GC215_R1.fastq.gz									1000000.0	R	R	R					1000000.0	R	R	R									0.0	S	S	S																	0.0		S	S
GC214	PRJNA616452	SAMN14490965	SRX8031707	SRR11454241	GC214_R1.fastq.gz																	64	R	R	R	4	S	R	I									0.25	S	S	S																
GC213	PRJNA616452	SAMN14490964	SRX8031706	SRR11454242	GC213_R1.fastq.gz									1000000.0	R	R	R					1000000.0	R	R	R									0.0	S	S	S																	0.0		S	S
GC212	PRJNA616452	SAMN14490963	SRX8031705	SRR11454243	GC212_R1.fastq.gz									4	R	R	R					8	R	R	R									1	S	S	S	0.25	S	S	S																
GC211	PRJNA616452	SAMN14490962	SRX8031704	SRR11454244	GC211_R1.fastq.gz									4	R	R	R					64	R	R	R	16	R	R	R					1	S	S	S	0.25	S	S	S																
GC11	PRJNA616452	SAMN14490854	SRX8031703	SRR11454245	GC11_R1.fastq.gz	32	R	R	R	12	I	S	R	4	R	R	R	24	R	R	R	64	R	R	R	16	R	R	R	0.047	S	S	S	16	R	R	R									256	R	R		16	R	R					
GC210	PRJNA616452	SAMN14490961	SRX8031702	SRR11454246	GC210_R1.fastq.gz									4	R	R	R									4	S	R	I					1	S	S	S	0.25	S	S	S																
GC21	PRJNA616452	SAMN14490960	SRX8031701	SRR11454247	GC21_R1.fastq.gz	32	R	R	R	256	R	R	R					64	R	R	R	64	R	R	R	16	R	R	R	0.25	S	R	S	1	S	S	S									6	S	S		16	R	R					
GC209	PRJNA616452	SAMN14490959	SRX8031700	SRR11454248	GC209_R1.fastq.gz									2	R	R	R					64	R	R	R									1	S	S	S	0.25	S	S	S																
GC208	PRJNA616452	SAMN14490958	SRX8031699	SRR11454249	GC208_R1.fastq.gz																													1	S	S	S	0.25	S	S	S													0.5		S	S
GC207	PRJNA616452	SAMN14490957	SRX8031698	SRR11454250	GC207_R1.fastq.gz									2	R	R	R					64	R	R	R									1	S	S	S	0.25	S	S	S																
GC206	PRJNA616452	SAMN14490956	SRX8031697	SRR11454251	GC206_R1.fastq.gz									4	R	R	R					64	R	R	R	16	R	R	R					16	R	R	R	0.25	S	S	S																
GC205	PRJNA616452	SAMN14490955	SRX8031696	SRR11454252	GC205_R1.fastq.gz																	8	R	R	R									1	S	S	S	0.25	S	S	S																
GC204	PRJNA616452	SAMN14490954	SRX8031695	SRR11454253	GC204_R1.fastq.gz									4	R	R	R					64	R	R	R	64	R	R	R					1	S	S	S	0.25	S	S	S																
GC203	PRJNA616452	SAMN14490953	SRX8031694	SRR11454254	GC203_R1.fastq.gz									1000000.0	R	R	R																	1000000.0	R	R	R																	0.0		S	S
GC201	PRJNA616452	SAMN14490952	SRX8031693	SRR11454255	GC201_R1.fastq.gz									4	R	R	R					64	R	R	R	16	R	R	R					1	S	S	S	0.25	S	S	S																
GC109	PRJNA616452	SAMN14490853	SRX8031692	SRR11454256	GC109_R1.fastq.gz	32	R	R	R	12	I	S	R	4	R	R	R	256	R	R	R	64	R	R	R	16	R	R	R	0.064	S	S	S	16	R	R	R									256	R	R		16	R	R					
GC20	PRJNA616452	SAMN14490951	SRX8031691	SRR11454257	GC20_R1.fastq.gz	32	R	R	R	16	I	S	R	0.5	I	R	I	32	R	R	R	64	R	R	R	2	S	R	I	0.094	S	R	S	1	S	S	S									256	R	R		16	R	R					
GC2	PRJNA616452	SAMN14490950	SRX8031690	SRR11454258	GC2_R1.fastq.gz	32	R	R	R	16	I	S	R	4	R	R	R	24	R	R	R	32	R	R	R	4	S	R	I	0.094	S	R	S	16	R	R	R									256	R	R		16	R	R					
GC199	PRJNA616452	SAMN14490949	SRX8031689	SRR11454259	GC199_R1.fastq.gz									4	R	R	R					64	R	R	R	64	R	R	R					16	R	R	R	0.25	S	S	S													0.5		S	S
GC198	PRJNA616452	SAMN14490948	SRX8031688	SRR11454260	GC198_R1.fastq.gz									4	R	R	R					64	R	R	R	16	R	R	R					1	S	S	S	0.25	S	S	S													0.5		S	S
GC197	PRJNA616452	SAMN14490947	SRX8031687	SRR11454261	GC197_R1.fastq.gz									4	R	R	R					64	R	R	R	16	R	R	R					16	R	R	R	0.25	S	S	S													0.5		S	S
GC196	PRJNA616452	SAMN14490946	SRX8031686	SRR11454262	GC196_R1.fastq.gz									4	R	R	R					64	R	R	R	16	R	R	R					16	R	R	R	0.25	S	S	S													0.5		S	S
GC195	PRJNA616452	SAMN14490945	SRX8031685	SRR11454263	GC195_R1.fastq.gz									4	R	R	R					64	R	R	R	16	R	R	R					16	R	R	R	0.25	S	S	S													0.5		S	S
GC194	PRJNA616452	SAMN14490944	SRX8031684	SRR11454264	GC194_R1.fastq.gz									4	R	R	R					64	R	R	R	64	R	R	R					16	R	R	R	0.25	S	S	S													0.5		S	S
GC193	PRJNA616452	SAMN14490943	SRX8031683	SRR11454265	GC193_R1.fastq.gz									4	R	R	R					4	R	R	R									1	S	S	S	0.25	S	S	S													0.5		S	S
GC192	PRJNA616452	SAMN14490942	SRX8031654	SRR11454266	GC192_R1.fastq.gz																	64	R	R	R	64	R	R	R					1	S	S	S	0.25	S	S	S													0.5		S	S
GC89	PRJNA616452	SAMN14491220	SRX8031681	SRR11454267	GC89_R1.fastq.gz	32	R	R	R	256	R	R	R	4	R	R	R	24	R	R	R	64	R	R	R	16	R	R	R	0.047	S	S	S	16	R	R	R									256	R	R		16	R	R					
GC88	PRJNA616452	SAMN14491219	SRX8031680	SRR11454268	GC88_R1.fastq.gz	32	R	R	R	12	I	S	R	4	R	R	R	12	I	R	R	64	R	R	R	16	R	R	R	0.047	S	S	S	1	S	S	S									256	R	R		16	R	R					
GC87	PRJNA616452	SAMN14491218	SRX8031679	SRR11454269	GC87_R1.fastq.gz	32	R	R	R	256	R	R	R					6	I	R	R	8	R	R	R	4	S	R	I	0.094	S	R	S	16	R	R	R									256	R	R		16	R	R					
GC86	PRJNA616452	SAMN14491217	SRX8031678	SRR11454270	GC86_R1.fastq.gz	32	R	R	R	12	I	S	R					16	R	R	R	64	R	R	R					0.064	S	S	S	16	R	R	R									4	S	S		16	R	R					
GC85	PRJNA616452	SAMN14491216	SRX8031677	SRR11454271	GC85_R1.fastq.gz	32	R	R	R	256	R	R	R	4	R	R	R	64	R	R	R	64	R	R	R	64	R	R	R	0.5	S	R	S	16	R	R	R									256	R	R		16	R	R					
GC84	PRJNA616452	SAMN14491215	SRX8031676	SRR11454272	GC84_R1.fastq.gz	32	R	R	R	16	I	S	R					32	R	R	R	8	R	R	R	4	S	R	I	0.094	S	R	S	16	R	R	R									256	R	R		2	S	S					
GC83	PRJNA616452	SAMN14491214	SRX8031675	SRR11454273	GC83_R1.fastq.gz	32	R	R	R	16	I	S	R	4	R	R	R	24	R	R	R	64	R	R	R	16	R	R	R	0.047	S	S	S	1	S	S	S									256	R	R		16	R	R					
GC82	PRJNA616452	SAMN14491213	SRX8031674	SRR11454274	GC82_R1.fastq.gz	32	R	R	R	12	I	S	R					24	R	R	R	64	R	R	R	16	R	R	R	0.047	S	S	S	1	S	S	S									6	S	S		16	R	R					
GC81	PRJNA616452	SAMN14491212	SRX8031673	SRR11454275	GC81_R1.fastq.gz	32	R	R	R	6	S	S	S					12	I	R	R	16	R	R	R					0.032	S	S	S	1	S	S	S									256	R	R		16	R	R					
GC132	PRJNA616452	SAMN14490879	SRX8031672	SRR11454276	GC132_R1.fastq.gz																	64	R	R	R	2	S	R	I					1	S	S	S	0.25	S	S	S													0.5		S	S
GC80	PRJNA616452	SAMN14491211	SRX8031671	SRR11454277	GC80_R1.fastq.gz	32	R	R	R	12	I	S	R					24	R	R	R	64	R	R	R	2	S	R	I	0.064	S	S	S	16	R	R	R									4	S	S		1	S	S					
GC8	PRJNA616452	SAMN14491210	SRX8031670	SRR11454278	GC8_R1.fastq.gz	32	R	R	R	256	R	R	R	4	R	R	R	16	R	R	R	64	R	R	R	4	S	R	I	0.032	S	S	S	1	S	S	S									256	R	R		16	R	R					
GC79	PRJNA616452	SAMN14491209	SRX8031669	SRR11454279	GC79_R1.fastq.gz	32	R	R	R	12	I	S	R					16	R	R	R	64	R	R	R	2	S	R	I	0.064	S	S	S	16	R	R	R									4	S	S		1	S	S					
GC78	PRJNA616452	SAMN14491208	SRX8031668	SRR11454280	GC78_R1.fastq.gz	32	R	R	R	256	R	R	R					12	I	R	R	16	R	R	R					0.032	S	S	S	16	R	R	R									3	S	S		16	R	R					
GC77	PRJNA616452	SAMN14491207	SRX8031667	SRR11454281	GC77_R1.fastq.gz	32	R	R	R	256	R	R	R	4	R	R	R	6	I	R	R	16	R	R	R	16	R	R	R	0.064	S	S	S	1	S	S	S									256	R	R		16	R	R					
GC76	PRJNA616452	SAMN14491206	SRX8031666	SRR11454282	GC76_R1.fastq.gz	32	R	R	R	256	R	R	R	4	R	R	R	48	R	R	R	64	R	R	R	4	S	R	I	0.094	S	R	S	16	R	R	R									256	R	R		16	R	R					
GC75	PRJNA616452	SAMN14491205	SRX8031665	SRR11454283	GC75_R1.fastq.gz	32	R	R	R	24	I	R	R	4	R	R	R	6	I	R	R	32	R	R	R	4	S	R	I	0.047	S	S	S	1	S	S	S									256	R	R		16	R	R					
GC74	PRJNA616452	SAMN14491204	SRX8031664	SRR11454284	GC74_R1.fastq.gz	32	R	R	R	6	S	S	S	4	R	R	R	16	R	R	R	64	R	R	R	16	R	R	R	0.064	S	S	S	1	S	S	S									256	R	R		16	R	R					
GC73	PRJNA616452	SAMN14491203	SRX8031663	SRR11454285	GC73_R1.fastq.gz	32	R	R	R	16	I	S	R	4	R	R	R	12	I	R	R	64	R	R	R	16	R	R	R	0.064	S	S	S	16	R	R	R									256	R	R		16	R	R					
GC72	PRJNA616452	SAMN14491202	SRX8031662	SRR11454286	GC72_R1.fastq.gz	32	R	R	R	24	I	R	R	4	R	R	R	32	R	R	R	64	R	R	R	16	R	R	R	0.047	S	S	S	8	I	R	R									256	R	R		16	R	R					
GC131	PRJNA616452	SAMN14490878	SRX8031661	SRR11454287	GC131_R1.fastq.gz																	32	R	R	R	4	S	R	I					1	S	S	S	0.25	S	S	S													0.5		S	S
GC71	PRJNA616452	SAMN14491201	SRX8031660	SRR11454288	GC71_R1.fastq.gz	32	R	R	R	16	I	S	R	4	R	R	R	24	R	R	R	8	R	R	R					0.047	S	S	S	1	S	S	S									256	R	R		16	R	R					
GC70	PRJNA616452	SAMN14491200	SRX8031659	SRR11454289	GC70_R1.fastq.gz	32	R	R	R	12	I	S	R	4	R	R	R	12	I	R	R	8	R	R	R	2	S	R	I	0.023	S	S	S	16	R	R	R									256	R	R		16	R	R					
GC7	PRJNA616452	SAMN14491199	SRX8031658	SRR11454290	GC7_R1.fastq.gz	32	R	R	R	16	I	S	R	4	R	R	R	24	R	R	R	64	R	R	R	4	S	R	I	0.032	S	S	S	1	S	S	S									256	R	R		16	R	R					
GC69	PRJNA616452	SAMN14491198	SRX8031657	SRR11454291	GC69_R1.fastq.gz	32	R	R	R	24	I	R	R	4	R	R	R	16	R	R	R	8	R	R	R	2	S	R	I	0.047	S	S	S	1	S	S	S									256	R	R		16	R	R					
GC68	PRJNA616452	SAMN14491197	SRX8031656	SRR11454292	GC68_R1.fastq.gz	32	R	R	R	16	I	S	R	4	R	R	R	16	R	R	R	64	R	R	R	16	R	R	R	0.047	S	S	S	1	S	S	S									256	R	R		1	S	S					
GC67	PRJNA616452	SAMN14491196	SRX8031655	SRR11454293	GC67_R1.fastq.gz	32	R	R	R	256	R	R	R					8	I	R	R	8	R	R	R					0.032	S	S	S	1	S	S	S									4	S	S		1	S	S					
GC66	PRJNA616452	SAMN14491195	SRX8032012	SRR11454294	GC66_R1.fastq.gz	32	R	R	R	24	I	R	R					8	I	R	R	64	R	R	R					0.094	S	R	S	1	S	S	S									4	S	S		1	S	S					
GC108	PRJNA616452	SAMN14490852	SRX8031653	SRR11454295	GC108_R1.fastq.gz	32	R	R	R	16	I	S	R	4	R	R	R	48	R	R	R	64	R	R	R					0.125	S	R	S	16	R	R	R									256	R	R		16	R	R					
GC10	PRJNA616452	SAMN14490843	SRX8031652	SRR11454296	GC10_R1.fastq.gz	32	R	R	R	16	I	S	R	4	R	R	R	256	R	R	R	64	R	R	R	64	R	R	R	0.25	S	R	S	16	R	R	R									256	R	R		16	R	R					
GC1	PRJNA616452	SAMN14490842	SRX8031651	SRR11454297	GC1_R1.fastq.gz	32	R	R	R	24	I	R	R	4	R	R	R	12	I	R	R	16	R	R	R					0.094	S	R	S	1	S	S	S									256	R	R		16	R	R					
GC239	PRJNA616452	SAMN14490992	SRX8031649	SRR11454298	GC239_R1.fastq.gz									4	R	R	R					64	R	R	R	16	R	R	R					1	S	S	S	0.25	S	S	S																
GC112	PRJNA616452	SAMN14490857	SRX8031648	SRR11454299	GC112_R1.fastq.gz	32	R	R	R	256	R	R	R	4	R	R	R	24	R	R	R	64	R	R	R	16	R	R	R	0.023	S	S	S	16	R	R	R									256	R	R		16	R	R					
GC238	PRJNA616452	SAMN14490991	SRX8031647	SRR11454300	GC238_R1.fastq.gz									4	R	R	R					64	R	R	R	16	R	R	R					1	S	S	S	0.25	S	S	S																
GC237	PRJNA616452	SAMN14490990	SRX8031646	SRR11454301	GC237_R1.fastq.gz									4	R	R	R					64	R	R	R	16	R	R	R					16	R	R	R	0.25	S	S	S																
GC236	PRJNA616452	SAMN14490989	SRX8031645	SRR11454302	GC236_R1.fastq.gz									0.5	I	R	I					32	R	R	R	16	R	R	R					16	R	R	R	0.25	S	S	S																
GC235	PRJNA616452	SAMN14490988	SRX8031644	SRR11454303	GC235_R1.fastq.gz									0.5	I	R	I					64	R	R	R	16	R	R	R					16	R	R	R	0.25	S	S	S																
GC234	PRJNA616452	SAMN14490987	SRX8031643	SRR11454304	GC234_R1.fastq.gz																	8	R	R	R									16	R	R	R	0.25	S	S	S																
GC233	PRJNA616452	SAMN14490986	SRX8031642	SRR11454305	GC233_R1.fastq.gz																	16	R	R	R									1	S	S	S	0.25	S	S	S																
GC232	PRJNA616452	SAMN14490985	SRX8031641	SRR11454306	GC232_R1.fastq.gz																	64	R	R	R									1	S	S	S	0.25	S	S	S																
GC231	PRJNA616452	SAMN14490984	SRX8031640	SRR11454307	GC231_R1.fastq.gz																	64	R	R	R									1	S	S	S	0.25	S	S	S																
GC230	PRJNA616452	SAMN14490983	SRX8031639	SRR11454308	GC230_R1.fastq.gz									4	R	R	R					64	R	R	R	64	R	R	R					4	S	R	R	16	R	R	R	4	R	R	I												
GC23	PRJNA616452	SAMN14490982	SRX8031638	SRR11454309	GC23_R1.fastq.gz	32	R	R	R	12	I	S	R	4	R	R	R	32	R	R	R	64	R	R	R	16	R	R	R	0.064	S	S	S	16	R	R	R									256	R	R		16	R	R					
GC111	PRJNA616452	SAMN14490856	SRX8031637	SRR11454310	GC111_R1.fastq.gz	32	R	R	R	24	I	R	R	4	R	R	R	32	R	R	R	64	R	R	R	4	S	R	I	0.25	S	R	S	1	S	S	S									256	R	R		16	R	R					
GC229	PRJNA616452	SAMN14490981	SRX8031636	SRR11454311	GC229_R1.fastq.gz									4	R	R	R					64	R	R	R	2	S	R	I					1	S	S	S	0.25	S	S	S																
GC228	PRJNA616452	SAMN14490980	SRX8031635	SRR11454312	GC228_R1.fastq.gz																	64	R	R	R	4	S	R	I					1	S	S	S	0.25	S	S	S																
GC227	PRJNA616452	SAMN14490979	SRX8031634	SRR11454313	GC227_R1.fastq.gz																					16	R	R	R					1	S	S	S	0.25	S	S	S																
GC226	PRJNA616452	SAMN14490978	SRX8031633	SRR11454314	GC226_R1.fastq.gz									4	R	R	R					16	R	R	R									1	S	S	S	0.25	S	S	S																
GC225	PRJNA616452	SAMN14490977	SRX8031632	SRR11454315	GC225_R1.fastq.gz									4	R	R	R					64	R	R	R	16	R	R	R					1	S	S	S	0.25	S	S	S																
GC224	PRJNA616452	SAMN14490976	SRX8031631	SRR11454316	GC224_R1.fastq.gz									4	R	R	R					16	R	R	R									2	S	S	S	0.25	S	S	S																
GC223	PRJNA616452	SAMN14490975	SRX8031630	SRR11454317	GC223_R1.fastq.gz									4	R	R	R					4	R	R	R									1	S	S	S	0.25	S	S	S																
GC222	PRJNA616452	SAMN14490974	SRX8031629	SRR11454318	GC222_R1.fastq.gz									4	R	R	R					64	R	R	R	64	R	R	R					1	S	S	S	0.25	S	S	S																
GC221	PRJNA616452	SAMN14490973	SRX8031628	SRR11454319	GC221_R1.fastq.gz									4	R	R	R					64	R	R	R	16	R	R	R					16	R	R	R	0.25	S	S	S																
GC220	PRJNA616452	SAMN14490972	SRX8031627	SRR11454320	GC220_R1.fastq.gz									4	R	R	R					8	R	R	R									1	S	S	S	0.25	S	S	S																
GC110	PRJNA616452	SAMN14490855	SRX8031626	SRR11454321	GC110_R1.fastq.gz	32	R	R	R	64	R	R	R	4	R	R	R	256	R	R	R	64	R	R	R	64	R	R	R	3	R	R	R	16	R	R	R									256	R	R		16	R	R					
GC22	PRJNA616452	SAMN14490971	SRX8031625	SRR11454322	GC22_R1.fastq.gz	32	R	R	R	12	I	S	R	4	R	R	R	64	R	R	R	64	R	R	R	16	R	R	R	0.094	S	R	S	16	R	R	R									256	R	R		16	R	R					
GC219	PRJNA616452	SAMN14490970	SRX8031624	SRR11454323	GC219_R1.fastq.gz									4	R	R	R					64	R	R	R	8	I	R	R					1	S	S	S	0.25	S	S	S																
GC218	PRJNA616452	SAMN14490969	SRX8031623	SRR11454324	GC218_R1.fastq.gz									4	R	R	R					64	R	R	R	16	R	R	R					1	S	S	S	0.25	S	S	S													0.5		S	S
GC436	PRJNA616452	SAMN14491112	SRX8031920	SRR11454325	GC436_R1.fastq.gz	32	R	R	R					4	R	R	R					64	R	R	R	4	S	R	I					1	S	S	S	0.25	S	S	S													0.5		S	S
GC65	PRJNA616452	SAMN14491194	SRX8032011	SRR11454326	GC65_R1.fastq.gz	32	R	R	R	16	I	S	R					24	R	R	R	64	R	R	R					0.064	S	S	S	1	S	S	S									6	S	S		1	S	S					
GC64	PRJNA616452	SAMN14491193	SRX8032010	SRR11454327	GC64_R1.fastq.gz	32	R	R	R	16	I	S	R	4	R	R	R	4	I	R	I	8	R	R	R					0.032	S	S	S	1	S	S	S									256	R	R		1	S	S					
GC63	PRJNA616452	SAMN14491192	SRX8032009	SRR11454328	GC63_R1.fastq.gz	32	R	R	R	16	I	S	R	4	R	R	R	16	R	R	R	16	R	R	R					0.094	S	R	S	16	R	R	R									256	R	R		16	R	R					
GC130	PRJNA616452	SAMN14490877	SRX8032008	SRR11454329	GC130_R1.fastq.gz									4	R	R	R					64	R	R	R	16	R	R	R					16	R	R	R	0.25	S	S	S													1		R	R
GC62	PRJNA616452	SAMN14491191	SRX8032007	SRR11454330	GC62_R1.fastq.gz	32	R	R	R	256	R	R	R					32	R	R	R	64	R	R	R	4	S	R	I	0.064	S	S	S	1	S	S	S									6	S	S		16	R	R					
GC61	PRJNA616452	SAMN14491190	SRX8032006	SRR11454331	GC61_R1.fastq.gz	32	R	R	R	16	I	S	R	0.5	I	R	I	24	R	R	R	64	R	R	R	2	S	R	I	0.064	S	S	S	1	S	S	S									256	R	R		1	S	S					
GC60	PRJNA616452	SAMN14491189	SRX8032005	SRR11454332	GC60_R1.fastq.gz	32	R	R	R	256	R	R	R	4	R	R	R	24	R	R	R	64	R	R	R	16	R	R	R	0.094	S	R	S	16	R	R	R									256	R	R		1	S	S					
GC6	PRJNA616452	SAMN14491188	SRX8032004	SRR11454333	GC6_R1.fastq.gz	32	R	R	R	12	I	S	R					48	R	R	R	64	R	R	R	4	S	R	I	0.064	S	S	S	1	S	S	S									4	S	S		16	R	R					
GC59	PRJNA616452	SAMN14491187	SRX8032003	SRR11454334	GC59_R1.fastq.gz	32	R	R	R	16	I	S	R	4	R	R	R	64	R	R	R	64	R	R	R	16	R	R	R	0.25	S	R	S	1	S	S	S									256	R	R		16	R	R					
GC58	PRJNA616452	SAMN14491186	SRX8032002	SRR11454335	GC58_R1.fastq.gz	32	R	R	R	16	I	S	R					32	R	R	R	64	R	R	R	16	R	R	R	0.064	S	S	S	1	S	S	S									4	S	S		16	R	R					
GC57	PRJNA616452	SAMN14491185	SRX8032001	SRR11454336	GC57_R1.fastq.gz	32	R	R	R	32	R	R	R	1	R	R	R	48	R	R	R	64	R	R	R	4	S	R	I	0.19	S	R	S	16	R	R	R									256	R	R		1	S	S					
GC56	PRJNA616452	SAMN14491184	SRX8032000	SRR11454337	GC56_R1.fastq.gz	32	R	R	R	12	I	S	R					24	R	R	R	64	R	R	R	2	S	R	I	0.064	S	S	S	1	S	S	S									6	S	S		1	S	S					
GC55	PRJNA616452	SAMN14491183	SRX8031999	SRR11454338	GC55_R1.fastq.gz	32	R	R	R	16	I	S	R					12	I	R	R	8	R	R	R					0.047	S	S	S	1	S	S	S									4	S	S		1	S	S					
GC54	PRJNA616452	SAMN14491182	SRX8031998	SRR11454339	GC54_R1.fastq.gz	32	R	R	R	24	I	R	R	4	R	R	R	64	R	R	R	64	R	R	R	16	R	R	R	0.19	S	R	S	16	R	R	R									256	R	R		16	R	R					
GC13	PRJNA616452	SAMN14490876	SRX8031997	SRR11454340	GC13_R1.fastq.gz	32	R	R	R	12	I	S	R	4	R	R	R	256	R	R	R	64	R	R	R	64	R	R	R	0.25	S	R	S	16	R	R	R									256	R	R		16	R	R					
GC53	PRJNA616452	SAMN14491181	SRX8031996	SRR11454341	GC53_R1.fastq.gz	32	R	R	R	12	I	S	R	4	R	R	R	24	R	R	R	64	R	R	R	16	R	R	R	0.125	S	R	S	16	R	R	R									256	R	R		16	R	R					
GC52	PRJNA616452	SAMN14491180	SRX8031995	SRR11454342	GC52_R1.fastq.gz	32	R	R	R	12	I	S	R	4	R	R	R	12	I	R	R	8	R	R	R					0.125	S	R	S	1	S	S	S									256	R	R		16	R	R					
GC51	PRJNA616452	SAMN14491179	SRX8031994	SRR11454343	GC51_R1.fastq.gz	32	R	R	R	256	R	R	R					256	R	R	R	64	R	R	R	4	S	R	I	0.38	S	R	S	1	S	S	S									8	S	S		16	R	R					
GC500	PRJNA616452	SAMN14491178	SRX8031993	SRR11454344	GC500_R1.fastq.gz	1000000.0	R	R	R					1000000.0	R	R	R	1000000.0	R	R	R	1000000.0	R	R	R	1000000.0	R	R	R					1000000.0	R	R	R																				
GC50	PRJNA616452	SAMN14491177	SRX8031992	SRR11454345	GC50_R1.fastq.gz	32	R	R	R	256	R	R	R	4	R	R	R	256	R	R	R	64	R	R	R	64	R	R	R	1.5	I	R	R	16	R	R	R									256	R	R		16	R	R					
GC5	PRJNA616452	SAMN14491176	SRX8031991	SRR11454346	GC5_R1.fastq.gz	32	R	R	R	16	I	S	R	0.5	I	R	I	48	R	R	R	64	R	R	R	2	S	R	I	0.064	S	S	S	1	S	S	S									256	R	R		16	R	R					
GC499	PRJNA616452	SAMN14491175	SRX8031990	SRR11454347	GC499_R1.fastq.gz	1000000.0	R	R	R					1000000.0	R	R	R					1000000.0	R	R	R	1000000.0	R	R	R					1000000.0	R	R	R																				
GC498	PRJNA616452	SAMN14491174	SRX8031989	SRR11454348	GC498_R1.fastq.gz	1000000.0	R	R	R					1000000.0	R	R	R					1000000.0	R	R	R	1000000.0	R	R	R					1000000.0	R	R	R																				
GC497	PRJNA616452	SAMN14491173	SRX8031988	SRR11454349	GC497_R1.fastq.gz	1000000.0	R	R	R					1000000.0	R	R	R	1000000.0	R	R	R	1000000.0	R	R	R	1000000.0	R	R	R					1000000.0	R	R	R																				
GC496	PRJNA616452	SAMN14491172	SRX8031987	SRR11454350	GC496_R1.fastq.gz	1000000.0	R	R	R					1000000.0	R	R	R	1000000.0	R	R	R	1000000.0	R	R	R	1000000.0	R	R	R					1000000.0	R	R	R																				
GC129	PRJNA616452	SAMN14490875	SRX8031986	SRR11454351	GC129_R1.fastq.gz									1	R	R	R					64	R	R	R	4	S	R	I					1	S	S	S	0.25	S	S	S													0.5		S	S
GC495	PRJNA616452	SAMN14491171	SRX8031985	SRR11454352	GC495_R1.fastq.gz	1000000.0	R	R	R					1000000.0	R	R	R	1000000.0	R	R	R	1000000.0	R	R	R	1000000.0	R	R	R					1000000.0	R	R	R																				
GC494	PRJNA616452	SAMN14491170	SRX8031984	SRR11454353	GC494_R1.fastq.gz	1000000.0	R	R	R	0.0	S	S	S	1000000.0	R	R	R	1000000.0	R	R	R	1000000.0	R	R	R	1000000.0	R	R	R					0.0	S	S	S																				
GC493	PRJNA616452	SAMN14491169	SRX8031983	SRR11454354	GC493_R1.fastq.gz	1000000.0	R	R	R					1000000.0	R	R	R	1000000.0	R	R	R	1000000.0	R	R	R	1000000.0	R	R	R					1000000.0	R	R	R																				
GC492	PRJNA616452	SAMN14491168	SRX8031982	SRR11454355	GC492_R1.fastq.gz	1000000.0	R	R	R	0.0	S	S	S	1000000.0	R	R	R	1000000.0	R	R	R	1000000.0	R	R	R	1000000.0	R	R	R					0.0	S	S	S																				
GC491	PRJNA616452	SAMN14491167	SRX8031981	SRR11454356	GC491_R1.fastq.gz	1000000.0	R	R	R	0.0	S	S	S	1000000.0	R	R	R	1000000.0	R	R	R	1000000.0	R	R	R	1000000.0	R	R	R					0.0	S	S	S																				
GC49	PRJNA616452	SAMN14491166	SRX8031980	SRR11454357	GC49_R1.fastq.gz	32	R	R	R	24	I	R	R	4	R	R	R	128	R	R	R	64	R	R	R	64	R	R	R	0.19	S	R	S	1	S	S	S									256	R	R		1	S	S					
GC489	PRJNA616452	SAMN14491165	SRX8031979	SRR11454358	GC489_R1.fastq.gz																	64	R	R	R	4	S	R	I					1	S	S	S	0.25	S	S	S																
GC487	PRJNA616452	SAMN14491164	SRX8031978	SRR11454359	GC487_R1.fastq.gz									4	R	R	R					64	R	R	R									1	S	S	S	0.25	S	S	S																
GC485	PRJNA616452	SAMN14491163	SRX8031977	SRR11454360	GC485_R1.fastq.gz	32	R	R	R					0.5	I	R	I					8	R	R	R									1	S	S	S	0.25	S	S	S									1	S	S					
GC484	PRJNA616452	SAMN14491162	SRX8031976	SRR11454361	GC484_R1.fastq.gz	32	R	R	R					4	R	R	R					16	R	R	R									1	S	S	S	0.25	S	S	S									16	R	R					
GC128	PRJNA616452	SAMN14490874	SRX8031975	SRR11454362	GC128_R1.fastq.gz	32	R	R	R	12	I	S	R	4	R	R	R	32	R	R	R	32	R	R	R	16	R	R	R	0.064	S	S	S	16	R	R	R									256	R	R		16	R	R					
GC483	PRJNA616452	SAMN14491161	SRX8031974	SRR11454363	GC483_R1.fastq.gz	32	R	R	R					4	R	R	R					64	R	R	R	64	R	R	R					1	S	S	S													16	R	R					
GC482	PRJNA616452	SAMN14491160	SRX8031973	SRR11454364	GC482_R1.fastq.gz	32	R	R	R					4	R	R	R					64	R	R	R	16	R	R	R					1	S	S	S													16	R	R					
GC481	PRJNA616452	SAMN14491159	SRX8031972	SRR11454365	GC481_R1.fastq.gz	32	R	R	R					4	R	R	R					64	R	R	R	4	S	R	I					1	S	S	S	0.25	S	S	S									16	R	R					
GC480	PRJNA616452	SAMN14491158	SRX8031971	SRR11454366	GC480_R1.fastq.gz	32	R	R	R					4	R	R	R					64	R	R	R	4	S	R	I					1	S	S	S	0.25	S	S	S									16	R	R					
GC48	PRJNA616452	SAMN14491157	SRX8031970	SRR11454367	GC48_R1.fastq.gz	32	R	R	R	16	I	S	R	4	R	R	R	96	R	R	R	64	R	R	R	64	R	R	R	0.38	S	R	S	1	S	S	S									256	R	R		1	S	S					
GC479	PRJNA616452	SAMN14491156	SRX8031969	SRR11454368	GC479_R1.fastq.gz	32	R	R	R					4	R	R	R					64	R	R	R	2	S	R	I					1	S	S	S	0.25	S	S	S									16	R	R					
GC478	PRJNA616452	SAMN14491155	SRX8031968	SRR11454369	GC478_R1.fastq.gz	32	R	R	R													64	R	R	R	4	S	R	I					1	S	S	S	0.25	S	S	S									16	R	R					
GC477	PRJNA616452	SAMN14491154	SRX8031967	SRR11454370	GC477_R1.fastq.gz	32	R	R	R													16	R	R	R									1	S	S	S	0.25	S	S	S									16	R	R					
GC476	PRJNA616452	SAMN14491153	SRX8031966	SRR11454371	GC476_R1.fastq.gz	32	R	R	R													64	R	R	R									1	S	S	S	0.25	S	S	S									16	R	R					
GC475	PRJNA616452	SAMN14491152	SRX8031965	SRR11454372	GC475_R1.fastq.gz	32	R	R	R					1	R	R	R					4	R	R	R	16	R	R	R					1	S	S	S													16	R	R					
GC127	PRJNA616452	SAMN14490873	SRX8031964	SRR11454373	GC127_R1.fastq.gz	32	R	R	R	24	I	R	R	4	R	R	R	48	R	R	R	64	R	R	R	16	R	R	R	0.38	S	R	S	16	R	R	R									256	R	R		16	R	R					
GC474	PRJNA616452	SAMN14491151	SRX8031963	SRR11454374	GC474_R1.fastq.gz	32	R	R	R					4	R	R	R					2	I	R	I	16	R	R	R					1	S	S	S													16	R	R					
GC473	PRJNA616452	SAMN14491150	SRX8031962	SRR11454375	GC473_R1.fastq.gz	32	R	R	R					1	R	R	R					64	R	R	R	2	S	R	I					1	S	S	S													16	R	R					
GC472	PRJNA616452	SAMN14491149	SRX8031961	SRR11454376	GC472_R1.fastq.gz	32	R	R	R					4	R	R	R					64	R	R	R	4	S	R	I					1	S	S	S	0.25	S	S	S									16	R	R					
GC471	PRJNA616452	SAMN14491148	SRX8031960	SRR11454377	GC471_R1.fastq.gz									4	R	R	R					32	R	R	R	16	R	R	R					1	S	S	S	0.25	S	S	S																
GC470	PRJNA616452	SAMN14491147	SRX8031959	SRR11454378	GC470_R1.fastq.gz	32	R	R	R					4	R	R	R					64	R	R	R	8	I	R	R					1	S	S	S	0.25	S	S	S									16	R	R					
GC47	PRJNA616452	SAMN14491146	SRX8031958	SRR11454379	GC47_R1.fastq.gz	32	R	R	R	32	R	R	R	4	R	R	R	48	R	R	R	32	R	R	R					0.064	S	S	S	1	S	S	S									256	R	R		1	S	S					
GC469	PRJNA616452	SAMN14491145	SRX8031957	SRR11454380	GC469_R1.fastq.gz	32	R	R	R					4	R	R	R					64	R	R	R	16	R	R	R					1	S	S	S	0.25	S	S	S									16	R	R					
GC468	PRJNA616452	SAMN14491144	SRX8031956	SRR11454381	GC468_R1.fastq.gz	32	R	R	R					4	R	R	R					64	R	R	R	16	R	R	R					1	S	S	S	0.25	S	S	S									16	R	R					
GC467	PRJNA616452	SAMN14491143	SRX8031955	SRR11454382	GC467_R1.fastq.gz	32	R	R	R					4	R	R	R					64	R	R	R	16	R	R	R					1	S	S	S													16	R	R					
GC466	PRJNA616452	SAMN14491142	SRX8031954	SRR11454383	GC466_R1.fastq.gz	32	R	R	R					4	R	R	R					64	R	R	R	16	R	R	R					1	S	S	S													16	R	R					
GC126	PRJNA616452	SAMN14490872	SRX8031953	SRR11454384	GC126_R1.fastq.gz	32	R	R	R	256	R	R	R	4	R	R	R	48	R	R	R	64	R	R	R	16	R	R	R	0.38	S	R	S	16	R	R	R									256	R	R		16	R	R					
GC101	PRJNA616452	SAMN14490845	SRX8031952	SRR11454385	GC101_R1.fastq.gz	32	R	R	R	24	I	R	R	4	R	R	R	48	R	R	R	64	R	R	R	16	R	R	R	0.094	S	R	S	16	R	R	R									256	R	R		16	R	R					
GC465	PRJNA616452	SAMN14491141	SRX8031951	SRR11454386	GC465_R1.fastq.gz	32	R	R	R					4	R	R	R					64	R	R	R	16	R	R	R					1	S	S	S													16	R	R					
GC464	PRJNA616452	SAMN14491140	SRX8031950	SRR11454387	GC464_R1.fastq.gz	32	R	R	R					4	R	R	R					64	R	R	R	16	R	R	R					1	S	S	S													16	R	R					
GC463	PRJNA616452	SAMN14491139	SRX8031949	SRR11454388	GC463_R1.fastq.gz	32	R	R	R					4	R	R	R					64	R	R	R	16	R	R	R					1	S	S	S													16	R	R					
GC462	PRJNA616452	SAMN14491138	SRX8031948	SRR11454389	GC462_R1.fastq.gz	32	R	R	R					4	R	R	R					64	R	R	R	16	R	R	R					1	S	S	S													16	R	R					
GC461	PRJNA616452	SAMN14491137	SRX8031947	SRR11454390	GC461_R1.fastq.gz	32	R	R	R					4	R	R	R					64	R	R	R	16	R	R	R					1	S	S	S													16	R	R					
GC460	PRJNA616452	SAMN14491136	SRX8031946	SRR11454391	GC460_R1.fastq.gz	32	R	R	R					4	R	R	R					64	R	R	R	16	R	R	R					1	S	S	S													16	R	R					
GC46	PRJNA616452	SAMN14491135	SRX8031945	SRR11454392	GC46_R1.fastq.gz	32	R	R	R	24	I	R	R	0.5	I	R	I	16	R	R	R	64	R	R	R	4	S	R	I	0.064	S	S	S	16	R	R	R									256	R	R		16	R	R					
GC459	PRJNA616452	SAMN14491134	SRX8031944	SRR11454393	GC459_R1.fastq.gz	32	R	R	R													64	R	R	R	2	S	R	I					1	S	S	S													16	R	R					
GC458	PRJNA616452	SAMN14491133	SRX8031943	SRR11454394	GC458_R1.fastq.gz	32	R	R	R					4	R	R	R					2	I	R	I	2	S	R	I					1	S	S	S	0.25	S	S	S									16	R	R					
GC457	PRJNA616452	SAMN14491132	SRX8031942	SRR11454395	GC457_R1.fastq.gz	32	R	R	R					4	R	R	R					64	R	R	R									1	S	S	S	0.25	S	S	S									16	R	R					
GC125	PRJNA616452	SAMN14490871	SRX8031941	SRR11454396	GC125_R1.fastq.gz	32	R	R	R	16	I	S	R					16	R	R	R	8	R	R	R	4	S	R	I	0.047	S	S	S	1	S	S	S									6	S	S		1	S	S					
GC456	PRJNA616452	SAMN14491131	SRX8031940	SRR11454397	GC456_R1.fastq.gz	32	R	R	R					4	R	R	R					8	R	R	R	4	S	R	I					1	S	S	S	0.25	S	S	S									16	R	R					
GC455	PRJNA616452	SAMN14491130	SRX8031939	SRR11454398	GC455_R1.fastq.gz	32	R	R	R													8	R	R	R									1	S	S	S													1	S	S					
GC454	PRJNA616452	SAMN14491129	SRX8031938	SRR11454399	GC454_R1.fastq.gz	32	R	R	R					4	R	R	R					64	R	R	R	16	R	R	R					1	S	S	S													16	R	R					
GC453	PRJNA616452	SAMN14491128	SRX8031937	SRR11454400	GC453_R1.fastq.gz	32	R	R	R					4	R	R	R					64	R	R	R	16	R	R	R					1	S	S	S													16	R	R					
GC452	PRJNA616452	SAMN14491127	SRX8031936	SRR11454401	GC452_R1.fastq.gz	32	R	R	R					4	R	R	R					64	R	R	R	16	R	R	R					1	S	S	S	0.25	S	S	S									2	S	S					
GC451	PRJNA616452	SAMN14491126	SRX8031935	SRR11454402	GC451_R1.fastq.gz	32	R	R	R					4	R	R	R					64	R	R	R	16	R	R	R					1	S	S	S	0.25	S	S	S									2	S	S					
GC450	PRJNA616452	SAMN14491125	SRX8031934	SRR11454403	GC450_R1.fastq.gz	32	R	R	R													64	R	R	R	16	R	R	R					16	R	R	R	0.25	S	S	S									16	R	R					
GC45	PRJNA616452	SAMN14491124	SRX8031933	SRR11454404	GC45_R1.fastq.gz	32	R	R	R	32	R	R	R	0.5	I	R	I	32	R	R	R	32	R	R	R	2	S	R	I	0.064	S	S	S	1	S	S	S									256	R	R		2	S	S					
GC449	PRJNA616452	SAMN14491123	SRX8031932	SRR11454405	GC449_R1.fastq.gz	32	R	R	R					4	R	R	R					64	R	R	R	16	R	R	R					1	S	S	S	0.25	S	S	S									16	R	R					
GC448	PRJNA616452	SAMN14491122	SRX8031931	SRR11454406	GC448_R1.fastq.gz	32	R	R	R					4	R	R	R					64	R	R	R	16	R	R	R					1	S	S	S	0.25	S	S	S									16	R	R					
GC124	PRJNA616452	SAMN14490870	SRX8031930	SRR11454407	GC124_R1.fastq.gz	32	R	R	R	24	I	R	R	4	R	R	R	64	R	R	R	64	R	R	R	16	R	R	R	0.125	S	R	S	16	R	R	R									256	R	R		16	R	R					
GC447	PRJNA616452	SAMN14491121	SRX8031929	SRR11454408	GC447_R1.fastq.gz	32	R	R	R					4	R	R	R					64	R	R	R	64	R	R	R					16	R	R	R	0.25	S	S	S									16	R	R					
GC446	PRJNA616452	SAMN14491120	SRX8031928	SRR11454409	GC446_R1.fastq.gz	32	R	R	R					4	R	R	R					64	R	R	R	16	R	R	R					16	R	R	R	0.25	S	S	S									16	R	R					
GC445	PRJNA616452	SAMN14491119	SRX8031927	SRR11454410	GC445_R1.fastq.gz	32	R	R	R					4	R	R	R					64	R	R	R	64	R	R	R					16	R	R	R													16	R	R					
GC444	PRJNA616452	SAMN14491118	SRX8031926	SRR11454411	GC444_R1.fastq.gz	32	R	R	R													4	R	R	R									1	S	S	S													16	R	R					
GC443	PRJNA616452	SAMN14491117	SRX8031925	SRR11454412	GC443_R1.fastq.gz	32	R	R	R													64	R	R	R	4	S	R	I					1	S	S	S	0.25	S	S	S									16	R	R					
GC442	PRJNA616452	SAMN14491116	SRX8031924	SRR11454413	GC442_R1.fastq.gz	32	R	R	R													64	R	R	R	4	S	R	I					1	S	S	S	0.25	S	S	S									1	S	S					
GC441	PRJNA616452	SAMN14491115	SRX8031923	SRR11454414	GC441_R1.fastq.gz	32	R	R	R													64	R	R	R	4	S	R	I					16	R	R	R	0.25	S	S	S									16	R	R					
GC44	PRJNA616452	SAMN14491114	SRX8031922	SRR11454415	GC44_R1.fastq.gz	32	R	R	R	24	I	R	R	0.5	I	R	I	24	R	R	R	64	R	R	R	2	S	R	I	0.064	S	S	S	1	S	S	S									256	R	R		1	S	S					
GC437	PRJNA616452	SAMN14491113	SRX8031921	SRR11454416	GC437_R1.fastq.gz	32	R	R	R					4	R	R	R					64	R	R	R	16	R	R	R					16	R	R	R	0.5	S	S	S													0.5		S	S
